,Div,Date,HomeTeam,AwayTeam,FTHG,FTAG,HTHG,HTAG,HS,AS,HST,AST,HY,AY,HR,AR,FTR,Gol_Average_Home,Dif_Home,Rojas_Home,Puntos_Home,Goles_Marcados_Home,Victorias_Home,Empates_Home,Derrotas_Home,Porterias_0_Home,Gol_Average_Away,Dif_Away,Rojas_Away,Puntos_Away,Goles_Marcados_Away,Victorias_Away,Empates_Away,Derrotas_Away,Porterias_0_Away
0,SC0,31/07/2021,Rangers,Livingston,3,0,1,0,18,2,8,0,0,5,0,0,H,0.0,0.0,0.0,0.0,0.0,0.0,0.0,0.0,0.0,0.0,0.0,0.0,0.0,0.0,0.0,0.0,0.0,0.0
1,SC0,31/07/2021,Dundee,St Mirren,2,2,1,1,11,14,4,5,2,2,1,0,D,0.0,0.0,0.0,0.0,0.0,0.0,0.0,0.0,0.0,0.0,0.0,0.0,0.0,0.0,0.0,0.0,0.0,0.0
2,SC0,31/07/2021,Ross County,St Johnstone,0,0,0,0,4,10,0,2,4,1,0,0,D,0.0,0.0,0.0,0.0,0.0,0.0,0.0,0.0,0.0,0.0,0.0,0.0,0.0,0.0,0.0,0.0,0.0,0.0
3,SC0,31/07/2021,Hearts,Celtic,2,1,1,0,11,19,4,7,0,0,0,0,H,0.0,0.0,0.0,0.0,0.0,0.0,0.0,0.0,0.0,0.0,0.0,0.0,0.0,0.0,0.0,0.0,0.0,0.0
4,SC0,01/08/2021,Aberdeen,Dundee United,2,0,1,0,7,5,3,1,1,3,0,0,H,0.0,0.0,0.0,0.0,0.0,0.0,0.0,0.0,0.0,0.0,0.0,0.0,0.0,0.0,0.0,0.0,0.0,0.0
5,SC0,01/08/2021,Motherwell,Hibernian,2,3,2,1,9,14,5,5,5,3,0,0,A,0.0,0.0,0.0,0.0,0.0,0.0,0.0,0.0,0.0,0.0,0.0,0.0,0.0,0.0,0.0,0.0,0.0,0.0
6,SC0,07/08/2021,Dundee United,Rangers,1,0,0,0,9,14,2,2,4,1,0,0,H,-2.0,-2.0,0.0,0.0,0.0,0.0,0.0,1.0,0.0,3.0,3.0,0.0,3.0,3.0,1.0,0.0,0.0,1.0
7,SC0,07/08/2021,St Mirren,Hearts,1,2,0,1,10,11,3,4,1,2,1,0,A,0.0,0.0,0.0,1.0,2.0,0.0,1.0,0.0,0.0,1.0,1.0,0.0,3.0,2.0,1.0,0.0,0.0,0.0
8,SC0,08/08/2021,Celtic,Dundee,6,0,2,0,31,3,15,0,0,1,0,1,H,-1.0,-1.0,0.0,0.0,1.0,0.0,0.0,1.0,0.0,0.0,0.0,1.0,1.0,2.0,0.0,1.0,0.0,0.0
9,SC0,08/08/2021,Hibernian,Ross County,3,0,3,0,18,8,6,0,0,2,0,0,H,1.0,1.0,0.0,3.0,3.0,1.0,0.0,0.0,0.0,0.0,0.0,0.0,1.0,0.0,0.0,1.0,0.0,1.0
10,SC0,08/08/2021,Livingston,Aberdeen,1,2,1,0,13,11,5,3,5,0,0,0,A,-3.0,-3.0,0.0,0.0,0.0,0.0,0.0,1.0,0.0,2.0,2.0,0.0,3.0,2.0,1.0,0.0,0.0,1.0
11,SC0,08/08/2021,St Johnstone,Motherwell,1,1,1,0,12,10,4,5,2,2,0,0,D,0.0,0.0,0.0,1.0,0.0,0.0,1.0,0.0,1.0,-1.0,-1.0,0.0,0.0,2.0,0.0,0.0,1.0,0.0
12,SC0,21/08/2021,Celtic,St Mirren,6,0,4,0,37,3,12,1,1,2,0,1,H,2.5,3.5,0.0,3.0,3.5,1.0,0.0,1.0,1.0,-0.5,-0.5,0.5,1.0,1.5,0.0,1.0,1.0,0.0
13,SC0,21/08/2021,Livingston,Motherwell,1,2,1,0,13,15,3,6,1,1,0,0,A,-2.0,1.0,0.0,0.0,0.5,0.0,0.0,2.0,0.0,-0.5,0.5,0.0,1.0,1.5,0.0,1.0,1.0,0.0
14,SC0,22/08/2021,Dundee,Hibernian,2,2,1,1,11,15,8,7,5,3,0,0,D,-3.0,-3.0,1.0,1.0,1.0,0.0,1.0,1.0,0.0,2.0,1.0,0.0,6.0,3.0,2.0,0.0,0.0,1.0
15,SC0,22/08/2021,Hearts,Aberdeen,1,1,0,0,7,6,2,4,3,2,0,0,D,1.0,0.0,0.0,6.0,2.0,2.0,0.0,0.0,0.0,1.5,-0.5,0.0,6.0,2.0,2.0,0.0,0.0,1.0
16,SC0,22/08/2021,Ross County,Rangers,2,4,1,2,9,21,5,11,2,2,0,0,A,-1.5,-1.5,0.0,1.0,0.0,0.0,1.0,1.0,1.0,1.0,-2.0,0.0,3.0,1.5,1.0,0.0,1.0,1.0
17,SC0,22/08/2021,St Johnstone,Dundee United,0,1,0,0,15,9,2,5,1,2,0,1,A,0.0,0.0,0.0,2.0,0.5,0.0,2.0,0.0,1.0,-0.5,1.5,0.0,3.0,0.5,1.0,0.0,1.0,1.0
18,SC0,28/08/2021,Dundee United,Hearts,0,2,0,1,8,11,7,3,2,2,0,0,A,0.0,0.5,0.3333333333333333,6.0,0.6666666666666666,2.0,0.0,1.0,2.0,0.6666666666666666,-0.33333333333333337,0.0,7.0,1.6666666666666667,2.0,1.0,0.0,0.0
19,SC0,28/08/2021,Hibernian,Livingston,2,0,0,0,15,7,3,0,0,1,0,0,H,1.3333333333333333,-0.6666666666666667,0.0,7.0,2.6666666666666665,2.0,1.0,0.0,1.0,-1.6666666666666667,0.33333333333333326,0.0,0.0,0.6666666666666666,0.0,0.0,3.0,0.0
20,SC0,28/08/2021,Motherwell,Dundee,1,0,1,0,4,15,3,2,2,1,1,0,H,0.0,0.5,0.0,4.0,1.6666666666666667,1.0,1.0,1.0,0.0,-2.0,1.0,0.6666666666666666,2.0,1.3333333333333333,0.0,2.0,1.0,0.0
21,SC0,29/08/2021,Rangers,Celtic,1,0,0,0,15,10,4,3,0,2,0,0,H,1.3333333333333333,0.33333333333333326,0.0,6.0,2.3333333333333335,2.0,0.0,1.0,1.0,3.6666666666666665,1.1666666666666665,0.0,6.0,4.333333333333333,2.0,0.0,1.0,2.0
22,SC0,29/08/2021,Aberdeen,Ross County,1,1,0,1,23,8,5,5,2,3,0,0,D,1.0,-0.5,0.0,7.0,1.6666666666666667,2.0,1.0,0.0,1.0,-1.6666666666666667,-0.16666666666666674,0.0,1.0,0.6666666666666666,0.0,1.0,2.0,1.0
23,SC0,29/08/2021,St Mirren,St Johnstone,0,0,0,0,10,15,3,6,1,3,1,0,D,-2.3333333333333335,-1.8333333333333335,0.6666666666666666,1.0,1.0,0.0,1.0,2.0,0.0,-0.3333333333333333,-0.3333333333333333,0.0,2.0,0.3333333333333333,0.0,2.0,1.0,1.0
24,SC0,11/09/2021,St Johnstone,Rangers,1,2,0,0,5,10,1,4,3,3,0,0,A,-0.25,0.08333333333333331,0.0,3.0,0.25,0.0,3.0,1.0,2.0,1.25,-0.08333333333333326,0.0,9.0,2.0,3.0,0.0,1.0,2.0
25,SC0,11/09/2021,Celtic,Ross County,3,0,0,0,21,5,8,2,0,1,0,0,H,2.5,-1.1666666666666665,0.0,6.0,3.25,2.0,0.0,2.0,2.0,-1.25,0.41666666666666674,0.0,2.0,0.75,0.0,2.0,2.0,1.0
26,SC0,11/09/2021,Dundee,Livingston,0,0,0,0,21,12,8,4,1,4,0,0,D,-1.75,0.25,0.5,2.0,1.0,0.0,2.0,2.0,0.0,-1.75,-0.08333333333333326,0.0,0.0,0.5,0.0,0.0,4.0,0.0
27,SC0,11/09/2021,Motherwell,Aberdeen,2,0,1,0,6,20,2,7,5,4,0,0,H,0.25,0.25,0.25,7.0,1.5,2.0,1.0,1.0,1.0,0.75,-0.25,0.0,8.0,1.5,2.0,2.0,0.0,1.0
28,SC0,11/09/2021,St Mirren,Dundee United,0,0,0,0,15,9,1,3,2,1,0,0,D,-1.75,0.5833333333333335,0.75,2.0,0.75,0.0,2.0,2.0,1.0,-0.5,-0.5,0.25,6.0,0.5,2.0,0.0,2.0,2.0
29,SC0,12/09/2021,Hearts,Hibernian,0,0,0,0,16,14,4,6,1,1,0,0,D,1.0,0.33333333333333337,0.0,10.0,1.75,3.0,1.0,0.0,1.0,1.5,0.16666666666666674,0.0,10.0,2.5,3.0,1.0,0.0,2.0
30,SC0,18/09/2021,Aberdeen,St Johnstone,0,1,0,0,10,9,3,1,1,3,0,0,A,0.2,-0.55,0.0,8.0,1.2,2.0,2.0,1.0,1.0,-0.4,-0.15000000000000002,0.0,3.0,0.4,0.0,3.0,2.0,2.0
31,SC0,18/09/2021,Hibernian,St Mirren,2,2,0,1,16,12,2,4,1,1,0,0,D,1.2,-0.30000000000000004,0.0,11.0,2.0,3.0,2.0,0.0,3.0,-1.4,0.3500000000000001,0.6,3.0,0.6,0.0,3.0,2.0,2.0
32,SC0,18/09/2021,Ross County,Hearts,2,2,2,1,8,17,4,5,2,1,0,0,D,-1.6,-0.3500000000000001,0.0,2.0,0.6,0.0,2.0,3.0,1.0,0.8,-0.19999999999999996,0.0,11.0,1.4,3.0,2.0,0.0,2.0
33,SC0,19/09/2021,Dundee United,Dundee,1,0,0,0,16,10,6,3,4,2,0,0,H,-0.4,0.09999999999999998,0.2,7.0,0.4,2.0,1.0,2.0,3.0,-1.4,0.3500000000000001,0.4,3.0,0.8,0.0,3.0,2.0,1.0
34,SC0,19/09/2021,Livingston,Celtic,1,0,1,0,7,16,4,5,3,2,0,0,H,-1.4,0.3500000000000001,0.0,1.0,0.4,0.0,1.0,4.0,1.0,2.6,0.10000000000000009,0.0,9.0,3.2,3.0,0.0,2.0,3.0
35,SC0,19/09/2021,Rangers,Motherwell,1,1,1,0,24,5,7,1,1,3,0,0,D,1.2,-0.050000000000000044,0.0,12.0,2.0,4.0,0.0,1.0,2.0,0.6,0.35,0.2,10.0,1.6,3.0,1.0,1.0,2.0
36,SC0,25/09/2021,Dundee,Rangers,0,1,0,1,14,19,6,3,1,3,0,0,A,-1.3333333333333333,0.06666666666666665,0.3333333333333333,3.0,0.6666666666666666,0.0,3.0,3.0,1.0,1.0,-0.19999999999999996,0.0,13.0,1.8333333333333333,4.0,1.0,1.0,2.0
37,SC0,25/09/2021,Hearts,Livingston,3,0,2,0,14,3,6,1,0,3,0,0,H,0.6666666666666666,-0.13333333333333341,0.0,12.0,1.5,3.0,3.0,0.0,2.0,-1.0,0.3999999999999999,0.0,4.0,0.5,1.0,1.0,4.0,2.0
38,SC0,25/09/2021,Motherwell,Ross County,2,1,1,1,12,18,5,6,3,4,0,0,H,0.5,-0.09999999999999998,0.16666666666666666,11.0,1.5,3.0,2.0,1.0,2.0,-1.3333333333333333,0.26666666666666683,0.0,3.0,0.8333333333333334,0.0,3.0,3.0,1.0
39,SC0,26/09/2021,St Mirren,Aberdeen,3,2,1,2,13,13,4,3,1,4,0,1,H,-1.1666666666666667,0.23333333333333317,0.5,4.0,0.8333333333333334,0.0,4.0,2.0,2.0,0.0,-0.2,0.0,8.0,1.0,2.0,2.0,2.0,1.0
40,SC0,26/09/2021,Celtic,Dundee United,1,1,1,1,22,12,7,4,0,2,0,0,D,2.0,-0.6000000000000001,0.0,9.0,2.6666666666666665,3.0,0.0,3.0,3.0,-0.16666666666666666,0.23333333333333336,0.16666666666666666,10.0,0.5,3.0,1.0,2.0,4.0
41,SC0,26/09/2021,Hibernian,St Johnstone,1,0,0,0,16,6,7,3,4,2,0,1,H,1.0,-0.19999999999999996,0.0,12.0,2.0,3.0,3.0,0.0,3.0,-0.16666666666666666,0.23333333333333336,0.0,6.0,0.5,1.0,3.0,2.0,3.0
42,SC0,02/10/2021,Dundee United,Ross County,1,0,1,0,13,13,4,5,2,1,0,0,H,-0.14285714285714285,0.023809523809523808,0.14285714285714285,11.0,0.5714285714285714,3.0,2.0,2.0,4.0,-1.2857142857142858,0.04761904761904745,0.0,3.0,0.8571428571428571,0.0,3.0,4.0,1.0
43,SC0,02/10/2021,Hearts,Motherwell,2,0,2,0,10,20,5,7,3,3,0,0,H,1.0,0.33333333333333337,0.0,15.0,1.7142857142857142,4.0,3.0,0.0,3.0,0.5714285714285714,0.0714285714285714,0.14285714285714285,14.0,1.5714285714285714,4.0,2.0,1.0,2.0
44,SC0,02/10/2021,Livingston,St Mirren,0,1,0,1,13,7,6,4,2,0,0,0,A,-1.2857142857142858,-0.2857142857142858,0.0,4.0,0.42857142857142855,1.0,1.0,5.0,2.0,-0.8571428571428571,0.30952380952380965,0.42857142857142855,7.0,1.1428571428571428,1.0,4.0,2.0,2.0
45,SC0,02/10/2021,St Johnstone,Dundee,3,1,2,0,11,8,5,3,3,1,0,0,H,-0.2857142857142857,-0.11904761904761904,0.14285714285714285,6.0,0.42857142857142855,1.0,3.0,3.0,3.0,-1.2857142857142858,0.04761904761904745,0.2857142857142857,3.0,0.5714285714285714,0.0,3.0,4.0,1.0
46,SC0,03/10/2021,Aberdeen,Celtic,1,2,0,1,11,7,5,2,0,3,0,0,A,-0.14285714285714285,-0.14285714285714285,0.14285714285714285,8.0,1.1428571428571428,2.0,2.0,3.0,1.0,1.7142857142857142,-0.2857142857142858,0.0,10.0,2.4285714285714284,3.0,1.0,3.0,3.0
47,SC0,03/10/2021,Rangers,Hibernian,2,1,0,1,20,4,3,1,3,3,0,1,H,1.0,0.0,0.0,16.0,1.7142857142857142,5.0,1.0,1.0,3.0,1.0,0.0,0.0,15.0,1.8571428571428572,4.0,3.0,0.0,4.0
48,SC0,16/10/2021,Hibernian,Dundee United,0,3,0,1,8,9,3,6,1,2,0,0,A,0.75,-0.25,0.125,15.0,1.75,4.0,3.0,1.0,4.0,0.0,0.14285714285714285,0.125,14.0,0.625,4.0,2.0,2.0,5.0
49,SC0,16/10/2021,Motherwell,Celtic,0,2,0,1,5,18,0,7,1,1,0,0,A,0.25,-0.3214285714285714,0.125,14.0,1.375,4.0,2.0,2.0,2.0,1.625,-0.08928571428571419,0.0,13.0,2.375,4.0,1.0,3.0,3.0
50,SC0,16/10/2021,Rangers,Hearts,1,1,1,0,27,5,10,4,4,4,0,0,D,1.0,0.0,0.0,19.0,1.75,6.0,1.0,1.0,3.0,1.125,0.125,0.0,18.0,1.75,5.0,3.0,0.0,4.0
51,SC0,16/10/2021,Ross County,St Mirren,2,3,1,3,20,14,5,4,1,1,0,0,A,-1.25,0.03571428571428581,0.0,3.0,0.75,0.0,3.0,5.0,1.0,-0.625,0.2321428571428571,0.375,10.0,1.125,2.0,4.0,2.0,3.0
52,SC0,16/10/2021,St Johnstone,Livingston,0,3,0,2,16,11,2,4,2,3,0,0,A,0.0,0.2857142857142857,0.125,9.0,0.75,2.0,3.0,3.0,3.0,-1.25,0.03571428571428581,0.0,4.0,0.375,1.0,1.0,6.0,2.0
53,SC0,16/10/2021,Dundee,Aberdeen,2,1,0,0,9,17,3,7,4,3,0,0,H,-1.375,-0.08928571428571419,0.25,3.0,0.625,0.0,3.0,5.0,1.0,-0.25,-0.10714285714285715,0.125,8.0,1.125,2.0,2.0,4.0,1.0
54,SC0,23/10/2021,Aberdeen,Hibernian,1,0,1,0,6,5,2,0,4,2,0,1,H,-0.3333333333333333,-0.08333333333333331,0.1111111111111111,8.0,1.1111111111111112,2.0,2.0,5.0,1.0,0.3333333333333333,-0.4166666666666667,0.1111111111111111,15.0,1.5555555555555556,4.0,3.0,2.0,4.0
55,SC0,23/10/2021,Celtic,St Johnstone,2,0,1,0,20,4,5,0,1,5,0,0,H,1.6666666666666667,0.04166666666666674,0.0,16.0,2.3333333333333335,5.0,1.0,3.0,4.0,-0.3333333333333333,-0.3333333333333333,0.1111111111111111,9.0,0.6666666666666666,2.0,3.0,4.0,3.0
56,SC0,23/10/2021,Dundee United,Motherwell,2,1,1,0,10,11,4,5,2,4,0,0,H,0.3333333333333333,0.3333333333333333,0.1111111111111111,17.0,0.8888888888888888,5.0,2.0,2.0,6.0,0.0,-0.25,0.1111111111111111,14.0,1.2222222222222223,4.0,2.0,3.0,2.0
57,SC0,23/10/2021,Hearts,Dundee,1,1,1,0,21,6,4,3,2,5,0,0,D,1.0,-0.125,0.0,19.0,1.6666666666666667,5.0,4.0,0.0,4.0,-1.1111111111111112,0.26388888888888884,0.2222222222222222,6.0,0.7777777777777778,1.0,3.0,5.0,1.0
58,SC0,23/10/2021,Ross County,Livingston,2,3,1,2,12,6,5,3,1,3,0,0,A,-1.2222222222222223,0.02777777777777768,0.0,3.0,0.8888888888888888,0.0,3.0,6.0,1.0,-0.7777777777777778,0.4722222222222222,0.0,7.0,0.6666666666666666,2.0,1.0,6.0,3.0
59,SC0,24/10/2021,St Mirren,Rangers,1,2,1,2,4,19,2,7,1,2,0,0,A,-0.4444444444444444,0.18055555555555558,0.3333333333333333,13.0,1.3333333333333333,3.0,4.0,2.0,3.0,0.8888888888888888,-0.11111111111111116,0.0,20.0,1.6666666666666667,6.0,2.0,1.0,3.0
60,SC0,27/10/2021,Dundee,Ross County,0,5,0,4,7,14,3,7,2,2,0,0,A,-1.0,0.11111111111111116,0.2,7.0,0.8,1.0,4.0,5.0,1.0,-1.2,0.022222222222222365,0.0,3.0,1.0,0.0,3.0,7.0,1.0
61,SC0,27/10/2021,Hibernian,Celtic,1,3,1,3,9,19,4,8,2,1,0,0,A,0.2,-0.1333333333333333,0.2,15.0,1.4,4.0,3.0,3.0,4.0,1.7,0.033333333333333215,0.0,19.0,2.3,6.0,1.0,3.0,5.0
62,SC0,27/10/2021,Livingston,Dundee United,1,1,1,1,9,15,1,3,1,4,1,0,D,-0.6,0.1777777777777778,0.0,10.0,0.9,3.0,1.0,6.0,3.0,0.4,0.06666666666666671,0.1,20.0,1.0,6.0,2.0,2.0,6.0
63,SC0,27/10/2021,Motherwell,St Mirren,2,2,0,0,8,23,4,10,1,2,0,0,D,-0.1,-0.1,0.1,14.0,1.2,4.0,2.0,4.0,2.0,-0.5,-0.05555555555555558,0.3,13.0,1.3,3.0,4.0,3.0,3.0
64,SC0,27/10/2021,Rangers,Aberdeen,2,2,1,2,19,6,4,3,1,4,0,0,D,0.9,0.011111111111111183,0.0,23.0,1.7,7.0,2.0,1.0,3.0,-0.2,0.1333333333333333,0.1,11.0,1.1,3.0,2.0,5.0,2.0
65,SC0,27/10/2021,St Johnstone,Hearts,1,1,1,1,9,18,4,4,4,2,0,0,D,-0.5,-0.16666666666666669,0.1,9.0,0.6,2.0,3.0,5.0,3.0,0.9,-0.09999999999999998,0.0,20.0,1.6,5.0,5.0,0.0,4.0
66,SC0,30/10/2021,Aberdeen,Hearts,2,1,0,1,17,5,5,1,2,2,0,1,H,-0.18181818181818182,0.018181818181818188,0.09090909090909091,12.0,1.1818181818181819,3.0,3.0,5.0,2.0,0.8181818181818182,-0.08181818181818179,0.0,21.0,1.5454545454545454,5.0,6.0,0.0,4.0
67,SC0,30/10/2021,Celtic,Livingston,0,0,0,0,16,2,2,0,0,0,0,1,D,1.7272727272727273,0.027272727272727337,0.0,22.0,2.3636363636363638,7.0,1.0,3.0,5.0,-0.5454545454545454,0.054545454545454564,0.09090909090909091,11.0,0.9090909090909091,3.0,2.0,6.0,3.0
68,SC0,30/10/2021,Dundee United,St Johnstone,0,1,0,1,19,6,7,2,1,1,0,0,A,0.36363636363636365,-0.036363636363636376,0.09090909090909091,21.0,1.0,6.0,3.0,2.0,6.0,-0.45454545454545453,0.04545454545454547,0.09090909090909091,10.0,0.6363636363636364,2.0,4.0,5.0,3.0
69,SC0,30/10/2021,St Mirren,Dundee,0,1,0,1,16,8,7,5,1,2,0,0,A,-0.45454545454545453,0.04545454545454547,0.2727272727272727,14.0,1.3636363636363635,3.0,5.0,3.0,3.0,-1.3636363636363635,-0.36363636363636354,0.18181818181818182,7.0,0.7272727272727273,1.0,4.0,6.0,1.0
70,SC0,31/10/2021,Motherwell,Rangers,1,6,1,2,3,30,2,12,1,0,1,0,A,-0.09090909090909091,0.009090909090909094,0.09090909090909091,15.0,1.2727272727272727,4.0,3.0,4.0,2.0,0.8181818181818182,-0.08181818181818179,0.0,24.0,1.7272727272727273,7.0,3.0,1.0,3.0
71,SC0,06/11/2021,Aberdeen,Motherwell,0,2,0,0,18,2,8,2,3,5,0,0,A,-0.08333333333333333,0.0984848484848485,0.08333333333333333,15.0,1.25,4.0,3.0,5.0,2.0,-0.5,-0.40909090909090906,0.16666666666666666,15.0,1.25,4.0,3.0,5.0,2.0
72,SC0,06/11/2021,Hearts,Dundee United,5,2,2,1,22,12,12,6,0,3,0,0,H,0.6666666666666666,-0.1515151515151516,0.08333333333333333,21.0,1.5,5.0,6.0,1.0,4.0,0.25,-0.11363636363636365,0.08333333333333333,21.0,0.9166666666666666,6.0,3.0,3.0,6.0
73,SC0,06/11/2021,St Johnstone,St Mirren,0,0,0,0,6,14,2,3,3,3,1,0,D,-0.3333333333333333,0.12121212121212122,0.08333333333333333,13.0,0.6666666666666666,3.0,4.0,5.0,4.0,-0.5,-0.04545454545454547,0.25,14.0,1.25,3.0,5.0,4.0,3.0
74,SC0,07/11/2021,Dundee,Celtic,2,4,1,2,5,24,4,7,5,2,0,0,A,-1.1666666666666667,0.1969696969696968,0.16666666666666666,10.0,0.75,2.0,4.0,6.0,2.0,1.5833333333333333,-0.14393939393939403,0.0,23.0,2.1666666666666665,7.0,2.0,3.0,6.0
75,SC0,07/11/2021,Rangers,Ross County,4,2,2,1,19,5,9,2,1,2,0,0,H,1.1666666666666667,0.3484848484848485,0.0,27.0,2.0833333333333335,8.0,3.0,1.0,3.0,-0.6363636363636364,0.5636363636363636,0.0,6.0,1.3636363636363635,1.0,3.0,7.0,2.0
76,SC0,20/11/2021,Dundee United,Aberdeen,1,0,0,0,8,12,2,4,1,1,1,1,H,0.0,-0.25,0.07692307692307693,21.0,1.0,6.0,3.0,4.0,6.0,-0.23076923076923078,-0.14743589743589747,0.07692307692307693,15.0,1.1538461538461537,4.0,3.0,6.0,2.0
77,SC0,20/11/2021,Motherwell,Hearts,2,0,1,0,20,6,7,4,1,0,0,1,H,-0.3076923076923077,0.1923076923076923,0.15384615384615385,18.0,1.3076923076923077,5.0,3.0,5.0,3.0,0.8461538461538461,0.17948717948717952,0.07692307692307693,24.0,1.7692307692307692,6.0,6.0,1.0,4.0
78,SC0,20/11/2021,St Mirren,Livingston,1,1,0,0,11,9,4,5,1,0,0,0,D,-0.46153846153846156,0.038461538461538436,0.23076923076923078,15.0,1.1538461538461537,3.0,6.0,4.0,4.0,-0.5,0.045454545454545414,0.16666666666666666,12.0,0.8333333333333334,3.0,3.0,6.0,4.0
79,SC0,24/11/2021,Ross County,Hibernian,1,0,0,0,10,6,5,4,2,1,0,2,H,-0.75,-0.11363636363636365,0.0,6.0,1.4166666666666667,1.0,3.0,8.0,2.0,0.0,-0.2,0.18181818181818182,15.0,1.3636363636363635,4.0,3.0,4.0,4.0
80,SC0,27/11/2021,Dundee,Motherwell,3,0,2,0,12,10,6,3,3,3,0,0,H,-1.2307692307692308,-0.0641025641025641,0.15384615384615385,10.0,0.8461538461538461,2.0,4.0,7.0,2.0,-0.14285714285714285,0.16483516483516486,0.14285714285714285,21.0,1.3571428571428572,6.0,3.0,5.0,4.0
81,SC0,27/11/2021,Hearts,St Mirren,2,0,0,0,16,19,7,7,2,2,0,1,H,0.6428571428571429,-0.20329670329670324,0.14285714285714285,24.0,1.6428571428571428,6.0,6.0,2.0,4.0,-0.42857142857142855,0.032967032967033016,0.21428571428571427,16.0,1.1428571428571428,3.0,7.0,4.0,4.0
82,SC0,27/11/2021,Ross County,Dundee United,1,1,0,0,9,8,5,4,1,2,1,0,D,-0.6153846153846154,0.13461538461538458,0.0,9.0,1.3846153846153846,2.0,3.0,8.0,3.0,0.07142857142857142,0.07142857142857142,0.14285714285714285,24.0,1.0,7.0,3.0,4.0,7.0
83,SC0,27/11/2021,St Johnstone,Hibernian,1,2,1,0,2,20,0,4,2,1,1,0,A,-0.3076923076923077,0.025641025641025605,0.15384615384615385,14.0,0.6153846153846154,3.0,5.0,5.0,5.0,-0.08333333333333333,-0.08333333333333333,0.3333333333333333,15.0,1.25,4.0,3.0,5.0,4.0
84,SC0,28/11/2021,Livingston,Rangers,1,3,1,2,7,20,4,8,3,1,0,0,A,-0.46153846153846156,0.038461538461538436,0.15384615384615385,13.0,0.8461538461538461,3.0,4.0,6.0,4.0,1.2307692307692308,0.0641025641025641,0.0,30.0,2.230769230769231,9.0,3.0,1.0,3.0
85,SC0,28/11/2021,Celtic,Aberdeen,2,1,1,1,20,4,5,2,2,1,0,0,H,1.6153846153846154,0.03205128205128216,0.0,26.0,2.3076923076923075,8.0,2.0,3.0,6.0,-0.2857142857142857,-0.054945054945054916,0.14285714285714285,15.0,1.0714285714285714,4.0,3.0,7.0,2.0
86,SC0,30/11/2021,Motherwell,Dundee United,1,0,1,0,20,7,2,2,2,2,1,0,H,-0.3333333333333333,-0.19047619047619047,0.13333333333333333,21.0,1.2666666666666666,6.0,3.0,6.0,4.0,0.06666666666666667,-0.004761904761904759,0.13333333333333333,25.0,1.0,7.0,4.0,4.0,7.0
87,SC0,01/12/2021,Aberdeen,Livingston,2,0,1,0,18,3,6,0,0,0,0,1,H,-0.3333333333333333,-0.047619047619047616,0.13333333333333333,15.0,1.0666666666666667,4.0,3.0,8.0,2.0,-0.5714285714285714,-0.10989010989010983,0.14285714285714285,13.0,0.8571428571428571,3.0,4.0,7.0,4.0
88,SC0,01/12/2021,Dundee,St Johnstone,1,0,1,0,20,10,4,2,0,1,0,0,H,-0.9285714285714286,0.30219780219780223,0.14285714285714285,13.0,1.0,3.0,4.0,7.0,3.0,-0.35714285714285715,-0.04945054945054944,0.21428571428571427,14.0,0.6428571428571429,3.0,5.0,6.0,5.0
89,SC0,01/12/2021,Hibernian,Rangers,0,1,0,0,4,14,1,4,2,1,0,0,A,0.0,0.08333333333333333,0.3076923076923077,18.0,1.3076923076923077,5.0,3.0,5.0,4.0,1.2857142857142858,0.05494505494505497,0.0,33.0,2.2857142857142856,10.0,3.0,1.0,3.0
90,SC0,01/12/2021,St Mirren,Ross County,0,0,0,0,27,12,11,7,5,4,0,0,D,-0.5333333333333333,-0.10476190476190478,0.26666666666666666,16.0,1.0666666666666667,3.0,7.0,5.0,4.0,-0.5714285714285714,0.04395604395604402,0.07142857142857142,10.0,1.3571428571428572,2.0,4.0,8.0,3.0
91,SC0,02/12/2021,Celtic,Hearts,1,0,1,0,25,9,5,2,1,0,0,0,H,1.5714285714285714,-0.04395604395604402,0.0,29.0,2.2857142857142856,9.0,2.0,3.0,6.0,0.7333333333333333,0.09047619047619038,0.13333333333333333,27.0,1.6666666666666667,7.0,6.0,2.0,5.0
92,SC0,04/12/2021,Aberdeen,St Mirren,4,1,3,1,24,11,11,6,0,1,0,0,H,-0.1875,0.14583333333333331,0.125,18.0,1.125,5.0,3.0,8.0,3.0,-0.5,0.033333333333333326,0.25,17.0,1.0,3.0,8.0,5.0,5.0
93,SC0,04/12/2021,Hibernian,Motherwell,1,1,1,0,17,12,4,5,2,3,0,0,D,-0.07142857142857142,-0.07142857142857142,0.2857142857142857,18.0,1.2142857142857142,5.0,3.0,6.0,4.0,-0.25,0.08333333333333331,0.1875,24.0,1.25,7.0,3.0,6.0,5.0
94,SC0,04/12/2021,Rangers,Dundee,3,0,1,0,26,5,14,2,1,3,0,0,H,1.2666666666666666,-0.019047619047619202,0.0,36.0,2.2,11.0,3.0,1.0,4.0,-0.8,0.12857142857142856,0.13333333333333333,16.0,1.0,4.0,4.0,7.0,4.0
95,SC0,05/12/2021,Dundee United,Celtic,0,3,0,2,6,24,2,10,1,1,0,0,A,0.0,-0.06666666666666667,0.125,25.0,0.9375,7.0,4.0,5.0,7.0,1.5333333333333334,-0.03809523809523796,0.0,32.0,2.2,10.0,2.0,3.0,7.0
96,SC0,05/12/2021,Livingston,Hearts,0,1,0,0,14,11,6,4,3,4,0,0,A,-0.6666666666666666,-0.09523809523809523,0.2,13.0,0.8,3.0,4.0,8.0,4.0,0.625,-0.10833333333333328,0.125,27.0,1.5625,7.0,6.0,3.0,5.0
97,SC0,08/12/2021,Livingston,Hibernian,1,0,1,0,10,15,4,3,3,1,0,2,H,-0.6875,-0.02083333333333337,0.1875,13.0,0.75,3.0,4.0,9.0,4.0,-0.06666666666666667,0.004761904761904759,0.26666666666666666,19.0,1.2,5.0,4.0,6.0,4.0
98,SC0,11/12/2021,Dundee United,Livingston,0,1,0,0,16,9,3,2,3,3,0,0,A,-0.17647058823529413,-0.17647058823529413,0.11764705882352941,25.0,0.8823529411764706,7.0,4.0,6.0,7.0,-0.5882352941176471,0.09926470588235292,0.17647058823529413,16.0,0.7647058823529411,4.0,4.0,9.0,5.0
99,SC0,11/12/2021,Ross County,Dundee,3,2,1,2,7,14,5,5,1,3,0,0,H,-0.5333333333333333,0.03809523809523807,0.06666666666666667,11.0,1.2666666666666666,2.0,5.0,8.0,4.0,-0.9375,-0.13749999999999996,0.125,16.0,0.9375,4.0,4.0,8.0,4.0
100,SC0,11/12/2021,St Johnstone,Aberdeen,0,1,0,0,8,14,3,5,3,3,0,0,A,-0.4,-0.04285714285714287,0.2,14.0,0.6,3.0,5.0,7.0,5.0,0.0,0.1875,0.11764705882352941,21.0,1.2941176470588236,6.0,3.0,8.0,3.0
101,SC0,11/12/2021,St Mirren,Hibernian,1,1,0,0,7,10,3,5,4,4,0,0,D,-0.6470588235294118,-0.1470588235294118,0.23529411764705882,17.0,1.0,3.0,8.0,6.0,5.0,-0.125,-0.058333333333333334,0.375,19.0,1.125,5.0,4.0,7.0,4.0
102,SC0,12/12/2021,Hearts,Rangers,0,2,0,2,16,12,8,6,4,5,1,0,A,0.6470588235294118,0.022058823529411797,0.11764705882352941,30.0,1.5294117647058822,8.0,6.0,3.0,6.0,1.375,0.10833333333333339,0.0,39.0,2.25,12.0,3.0,1.0,5.0
103,SC0,12/12/2021,Celtic,Motherwell,1,0,1,0,26,9,7,1,0,2,0,0,H,1.625,0.09166666666666656,0.0,35.0,2.25,11.0,2.0,3.0,8.0,-0.23529411764705882,0.01470588235294118,0.17647058823529413,25.0,1.2352941176470589,7.0,4.0,6.0,5.0
104,SC0,14/12/2021,Hibernian,Dundee,1,0,1,0,11,4,3,1,0,1,0,1,H,-0.11764705882352941,0.00735294117647059,0.35294117647058826,20.0,1.1176470588235294,5.0,5.0,7.0,4.0,-0.9411764705882353,-0.003676470588235281,0.11764705882352941,16.0,1.0,4.0,4.0,9.0,4.0
105,SC0,15/12/2021,Rangers,St Johnstone,2,0,1,0,27,5,8,1,1,3,0,0,H,1.411764705882353,0.03676470588235303,0.0,42.0,2.235294117647059,13.0,3.0,1.0,6.0,-0.4375,-0.03749999999999998,0.1875,14.0,0.5625,3.0,5.0,8.0,5.0
106,SC0,15/12/2021,Ross County,Celtic,1,2,0,1,7,25,2,8,3,1,0,1,A,-0.4375,0.09583333333333333,0.0625,14.0,1.375,3.0,5.0,8.0,4.0,1.588235294117647,-0.03676470588235303,0.0,38.0,2.176470588235294,12.0,2.0,3.0,9.0
107,SC0,18/12/2021,Dundee,Hearts,0,1,0,0,4,13,1,1,4,2,0,0,A,-0.9444444444444444,-0.0032679738562091387,0.16666666666666666,16.0,0.9444444444444444,4.0,4.0,10.0,4.0,0.5,-0.1470588235294118,0.16666666666666666,30.0,1.4444444444444444,8.0,6.0,4.0,6.0
108,SC0,18/12/2021,Livingston,Ross County,1,1,0,1,14,13,2,4,2,4,0,0,D,-0.5,0.08823529411764708,0.16666666666666666,19.0,0.7777777777777778,5.0,4.0,9.0,6.0,-0.47058823529411764,-0.03308823529411764,0.058823529411764705,14.0,1.3529411764705883,3.0,5.0,9.0,4.0
109,SC0,18/12/2021,Motherwell,St Johnstone,2,0,1,0,7,9,2,1,1,0,0,0,H,-0.2777777777777778,-0.04248366013071897,0.16666666666666666,25.0,1.1666666666666667,7.0,4.0,7.0,5.0,-0.5294117647058824,-0.09191176470588236,0.17647058823529413,14.0,0.5294117647058824,3.0,5.0,9.0,5.0
110,SC0,18/12/2021,Rangers,Dundee United,1,0,0,0,16,5,5,1,1,3,0,0,H,1.4444444444444444,0.03267973856209139,0.0,45.0,2.2222222222222223,14.0,3.0,1.0,7.0,-0.2222222222222222,-0.04575163398692808,0.1111111111111111,25.0,0.8333333333333334,7.0,4.0,7.0,7.0
111,SC0,22/12/2021,Hibernian,Aberdeen,1,0,0,0,6,10,3,2,2,2,0,0,H,-0.05555555555555555,0.06209150326797386,0.3333333333333333,23.0,1.1111111111111112,6.0,5.0,7.0,5.0,0.05555555555555555,0.05555555555555555,0.1111111111111111,24.0,1.2777777777777777,7.0,3.0,8.0,4.0
112,SC0,22/12/2021,St Johnstone,Ross County,1,2,1,1,9,20,3,4,3,2,0,0,A,-0.6111111111111112,-0.0816993464052288,0.16666666666666666,14.0,0.5,3.0,5.0,10.0,5.0,-0.4444444444444444,0.02614379084967322,0.05555555555555555,15.0,1.3333333333333333,3.0,6.0,9.0,4.0
113,SC0,22/12/2021,St Mirren,Celtic,0,0,0,0,4,31,1,8,2,2,0,0,D,-0.6111111111111112,0.03594771241830064,0.2222222222222222,18.0,1.0,3.0,9.0,6.0,5.0,1.5555555555555556,-0.03267973856209139,0.05555555555555555,41.0,2.1666666666666665,13.0,2.0,3.0,9.0
114,SC0,26/12/2021,St Johnstone,Celtic,1,3,0,2,5,25,1,10,2,1,0,0,A,-0.631578947368421,-0.020467836257309857,0.15789473684210525,14.0,0.5263157894736842,3.0,5.0,11.0,5.0,1.4736842105263157,-0.08187134502923987,0.05263157894736842,42.0,2.0526315789473686,13.0,3.0,3.0,10.0
115,SC0,26/12/2021,Aberdeen,Dundee,2,1,1,1,19,2,3,2,0,3,0,0,H,0.0,-0.05555555555555555,0.10526315789473684,24.0,1.2105263157894737,7.0,3.0,9.0,4.0,-0.9473684210526315,-0.0029239766081871066,0.15789473684210525,16.0,0.8947368421052632,4.0,4.0,11.0,4.0
116,SC0,26/12/2021,Dundee United,Hibernian,1,3,0,1,8,17,3,5,2,2,0,0,A,-0.2631578947368421,-0.04093567251461988,0.10526315789473684,25.0,0.7894736842105263,7.0,4.0,8.0,7.0,0.0,0.05555555555555555,0.3157894736842105,26.0,1.105263157894737,7.0,5.0,7.0,6.0
117,SC0,26/12/2021,Hearts,Ross County,2,1,2,0,17,13,5,5,1,3,0,0,H,0.5263157894736842,0.02631578947368418,0.15789473684210525,33.0,1.4210526315789473,9.0,6.0,4.0,7.0,-0.3684210526315789,0.07602339181286549,0.05263157894736842,18.0,1.368421052631579,4.0,6.0,9.0,4.0
118,SC0,26/12/2021,Motherwell,Livingston,2,1,1,0,11,8,5,4,0,3,0,0,H,-0.15789473684210525,0.11988304093567254,0.15789473684210525,28.0,1.2105263157894737,8.0,4.0,7.0,6.0,-0.47368421052631576,0.026315789473684237,0.15789473684210525,20.0,0.7894736842105263,5.0,5.0,9.0,6.0
119,SC0,26/12/2021,Rangers,St Mirren,2,0,2,0,25,1,7,0,1,2,0,0,H,1.4210526315789473,-0.023391812865497075,0.0,48.0,2.1578947368421053,15.0,3.0,1.0,8.0,-0.5789473684210527,0.032163742690058506,0.21052631578947367,19.0,0.9473684210526315,3.0,10.0,6.0,6.0
120,SC0,17/01/2022,Celtic,Hibernian,2,0,2,0,21,5,5,0,1,2,0,0,H,1.5,0.026315789473684292,0.05,45.0,2.1,14.0,3.0,3.0,10.0,0.1,0.1,0.3,29.0,1.2,8.0,5.0,7.0,6.0
121,SC0,18/01/2022,Aberdeen,Rangers,1,1,0,1,15,7,3,4,4,3,0,1,D,0.05,0.05,0.1,27.0,1.25,8.0,3.0,9.0,4.0,1.45,0.02894736842105261,0.0,51.0,2.15,16.0,3.0,1.0,9.0
122,SC0,18/01/2022,Dundee United,St Mirren,1,2,0,1,16,11,4,3,3,1,0,0,A,-0.35,-0.08684210526315789,0.1,25.0,0.8,7.0,4.0,9.0,7.0,-0.65,-0.07105263157894737,0.2,19.0,0.9,3.0,10.0,7.0,6.0
123,SC0,18/01/2022,Hearts,St Johnstone,2,0,0,0,16,14,8,6,2,3,0,0,H,0.55,0.023684210526315863,0.15,36.0,1.45,10.0,6.0,4.0,7.0,-0.7,-0.06842105263157894,0.15,14.0,0.55,3.0,5.0,12.0,5.0
124,SC0,18/01/2022,Livingston,Dundee,2,0,0,0,13,9,5,4,3,3,0,0,H,-0.5,-0.026315789473684237,0.15,20.0,0.8,5.0,5.0,10.0,6.0,-0.95,-0.0026315789473684292,0.15,16.0,0.9,4.0,4.0,12.0,4.0
125,SC0,18/01/2022,Ross County,Motherwell,3,1,1,0,5,13,2,3,1,2,1,0,H,-0.4,-0.031578947368421095,0.05,18.0,1.35,4.0,6.0,10.0,4.0,-0.1,0.05789473684210525,0.15,31.0,1.25,9.0,4.0,7.0,6.0
126,SC0,25/01/2022,St Mirren,Aberdeen,1,0,0,0,4,11,1,0,1,1,0,0,H,-0.5714285714285714,0.07857142857142863,0.19047619047619047,22.0,0.9523809523809523,4.0,10.0,7.0,6.0,0.047619047619047616,-0.0023809523809523864,0.09523809523809523,28.0,1.2380952380952381,8.0,4.0,9.0,4.0
127,SC0,26/01/2022,Dundee United,Ross County,2,1,0,0,24,16,5,5,1,4,0,0,H,-0.38095238095238093,-0.030952380952380953,0.09523809523809523,25.0,0.8095238095238095,7.0,4.0,10.0,7.0,-0.2857142857142857,0.11428571428571432,0.09523809523809523,21.0,1.4285714285714286,5.0,6.0,10.0,4.0
128,SC0,26/01/2022,Hearts,Celtic,1,2,0,2,8,20,1,8,3,3,0,0,A,0.6190476190476191,0.06904761904761902,0.14285714285714285,39.0,1.4761904761904763,11.0,6.0,4.0,8.0,1.5238095238095237,0.023809523809523725,0.047619047619047616,48.0,2.0952380952380953,15.0,3.0,3.0,11.0
129,SC0,26/01/2022,Motherwell,Hibernian,0,0,0,0,9,4,2,0,2,2,1,0,D,-0.19047619047619047,-0.09047619047619046,0.14285714285714285,31.0,1.2380952380952381,9.0,4.0,8.0,6.0,0.0,-0.1,0.2857142857142857,29.0,1.1428571428571428,8.0,5.0,8.0,6.0
130,SC0,26/01/2022,Rangers,Livingston,1,0,0,0,18,6,6,2,1,2,0,0,H,1.380952380952381,-0.06904761904761902,0.047619047619047616,52.0,2.0952380952380953,16.0,4.0,1.0,9.0,-0.38095238095238093,0.11904761904761907,0.14285714285714285,23.0,0.8571428571428571,6.0,5.0,10.0,7.0
131,SC0,26/01/2022,St Johnstone,Dundee,0,0,0,0,9,10,4,2,1,1,0,0,D,-0.7619047619047619,-0.06190476190476191,0.14285714285714285,14.0,0.5238095238095238,3.0,5.0,13.0,5.0,-1.0,-0.050000000000000044,0.14285714285714285,16.0,0.8571428571428571,4.0,4.0,13.0,4.0
132,SC0,29/01/2022,Ross County,Rangers,3,3,2,1,6,26,4,12,3,0,0,0,D,-0.3181818181818182,-0.03246753246753248,0.09090909090909091,21.0,1.4090909090909092,5.0,6.0,11.0,4.0,1.3636363636363635,-0.017316017316017396,0.045454545454545456,55.0,2.0454545454545454,17.0,4.0,1.0,10.0
133,SC0,29/01/2022,Celtic,Dundee United,1,0,0,0,21,7,8,0,1,2,1,0,H,1.5,-0.023809523809523725,0.045454545454545456,51.0,2.090909090909091,16.0,3.0,3.0,11.0,-0.3181818181818182,0.06277056277056275,0.09090909090909091,28.0,0.8636363636363636,8.0,4.0,10.0,7.0
134,SC0,29/01/2022,Hearts,Motherwell,2,0,1,0,11,8,5,2,1,2,0,0,H,0.5454545454545454,-0.07359307359307365,0.13636363636363635,39.0,1.4545454545454546,11.0,6.0,5.0,8.0,-0.18181818181818182,0.008658008658008642,0.18181818181818182,32.0,1.1818181818181819,9.0,5.0,8.0,7.0
135,SC0,29/01/2022,Hibernian,Livingston,2,3,2,1,11,19,5,9,1,1,0,0,A,0.0,0.0,0.2727272727272727,30.0,1.0909090909090908,8.0,6.0,8.0,7.0,-0.4090909090909091,-0.028138528138528185,0.13636363636363635,23.0,0.8181818181818182,6.0,5.0,11.0,7.0
136,SC0,01/02/2022,Dundee,Dundee United,0,0,0,0,12,11,5,0,1,0,0,0,D,-0.9545454545454546,0.045454545454545414,0.13636363636363635,17.0,0.8181818181818182,4.0,5.0,13.0,5.0,-0.34782608695652173,-0.029644268774703553,0.08695652173913043,28.0,0.8260869565217391,8.0,4.0,11.0,7.0
137,SC0,01/02/2022,Hibernian,Hearts,0,0,0,0,11,12,2,4,2,3,0,0,D,-0.043478260869565216,-0.043478260869565216,0.2608695652173913,30.0,1.1304347826086956,8.0,6.0,9.0,7.0,0.6086956521739131,0.06324110671936767,0.13043478260869565,42.0,1.4782608695652173,12.0,6.0,5.0,9.0
138,SC0,01/02/2022,Livingston,St Johnstone,1,2,1,1,13,10,2,5,3,2,1,0,A,-0.34782608695652173,0.06126482213438739,0.13043478260869565,26.0,0.9130434782608695,7.0,5.0,11.0,7.0,-0.7272727272727273,0.03463203463203457,0.13636363636363635,15.0,0.5,3.0,6.0,13.0,6.0
139,SC0,01/02/2022,Ross County,Aberdeen,1,1,0,0,5,19,2,7,5,3,0,0,D,-0.30434782608695654,0.013833992094861636,0.08695652173913043,22.0,1.4782608695652173,5.0,7.0,11.0,4.0,0.0,-0.047619047619047616,0.09090909090909091,28.0,1.1818181818181819,8.0,4.0,10.0,4.0
140,SC0,01/02/2022,St Mirren,Motherwell,1,1,0,0,7,14,3,7,0,1,0,0,D,-0.5,0.0714285714285714,0.18181818181818182,25.0,0.9545454545454546,5.0,10.0,7.0,7.0,-0.2608695652173913,-0.07905138339920947,0.17391304347826086,32.0,1.1304347826086956,9.0,5.0,9.0,7.0
141,SC0,02/02/2022,Celtic,Rangers,3,0,3,0,11,9,7,2,2,3,0,0,H,1.4782608695652173,-0.021739130434782705,0.08695652173913043,54.0,2.0434782608695654,17.0,3.0,3.0,12.0,1.3043478260869565,-0.059288537549406994,0.043478260869565216,56.0,2.0869565217391304,17.0,5.0,1.0,10.0
142,SC0,05/02/2022,Dundee,Ross County,1,2,1,1,11,10,3,6,2,4,1,0,A,-0.9130434782608695,0.041501976284585074,0.13043478260869565,18.0,0.782608695652174,4.0,6.0,13.0,6.0,-0.2916666666666667,0.012681159420289856,0.08333333333333333,23.0,1.4583333333333333,5.0,8.0,11.0,4.0
143,SC0,05/02/2022,Hibernian,St Mirren,0,1,0,0,17,9,6,4,2,1,0,0,A,-0.041666666666666664,0.0018115942028985518,0.25,31.0,1.0833333333333333,8.0,7.0,9.0,8.0,-0.4782608695652174,0.021739130434782594,0.17391304347826086,26.0,0.9565217391304348,5.0,11.0,7.0,7.0
144,SC0,05/02/2022,Livingston,Aberdeen,2,1,1,0,8,14,4,6,6,4,1,0,H,-0.375,-0.02717391304347827,0.16666666666666666,26.0,0.9166666666666666,7.0,5.0,12.0,7.0,0.0,0.0,0.08695652173913043,29.0,1.173913043478261,8.0,5.0,10.0,4.0
145,SC0,05/02/2022,St Johnstone,Dundee United,0,0,0,0,7,14,2,3,1,2,1,0,D,-0.6521739130434783,0.07509881422924902,0.13043478260869565,18.0,0.5652173913043478,4.0,6.0,13.0,6.0,-0.3333333333333333,0.014492753623188415,0.08333333333333333,29.0,0.7916666666666666,8.0,5.0,11.0,8.0
146,SC0,06/02/2022,Motherwell,Celtic,0,4,0,3,7,18,1,10,3,1,0,0,A,-0.25,0.010869565217391297,0.16666666666666666,33.0,1.125,9.0,6.0,9.0,7.0,1.5416666666666667,0.06340579710144945,0.08333333333333333,57.0,2.0833333333333335,18.0,3.0,3.0,13.0
147,SC0,06/02/2022,Rangers,Hearts,5,0,1,0,22,9,11,3,2,2,0,0,H,1.125,-0.17934782608695654,0.041666666666666664,56.0,2.0,17.0,5.0,2.0,10.0,0.5833333333333334,-0.025362318840579712,0.125,43.0,1.4166666666666667,12.0,7.0,5.0,10.0
148,SC0,09/02/2022,Aberdeen,Celtic,2,3,0,2,8,12,4,5,2,1,0,0,A,-0.041666666666666664,-0.041666666666666664,0.08333333333333333,29.0,1.1666666666666667,8.0,5.0,11.0,4.0,1.64,0.09833333333333316,0.08,60.0,2.16,19.0,3.0,3.0,14.0
149,SC0,09/02/2022,Dundee United,Motherwell,2,0,1,0,8,17,2,2,0,2,0,0,H,-0.32,0.013333333333333308,0.08,30.0,0.76,8.0,6.0,11.0,9.0,-0.4,-0.15000000000000002,0.16,33.0,1.08,9.0,6.0,10.0,7.0
150,SC0,09/02/2022,Hearts,Dundee,1,2,1,0,17,12,9,3,0,3,0,0,A,0.36,-0.22333333333333338,0.12,43.0,1.36,12.0,7.0,6.0,10.0,-0.9166666666666666,-0.0036231884057971175,0.16666666666666666,18.0,0.7916666666666666,4.0,6.0,14.0,6.0
151,SC0,09/02/2022,Rangers,Hibernian,2,0,1,0,18,12,4,4,3,2,0,0,H,1.28,0.15500000000000003,0.04,59.0,2.12,18.0,5.0,2.0,11.0,-0.08,-0.03833333333333334,0.24,31.0,1.04,8.0,7.0,10.0,8.0
152,SC0,09/02/2022,Ross County,Livingston,1,1,0,0,9,17,4,4,2,3,0,0,D,-0.24,0.051666666666666694,0.08,26.0,1.48,6.0,8.0,11.0,4.0,-0.32,0.05499999999999999,0.2,29.0,0.96,8.0,5.0,12.0,7.0
153,SC0,09/02/2022,St Mirren,St Johnstone,2,1,1,1,13,9,4,4,2,3,0,0,H,-0.4166666666666667,0.06159420289855072,0.16666666666666666,29.0,0.9583333333333334,6.0,11.0,7.0,8.0,-0.625,0.02717391304347827,0.16666666666666666,19.0,0.5416666666666666,4.0,7.0,13.0,7.0
154,SC0,15/02/2022,Aberdeen,St Johnstone,1,1,0,1,20,7,9,2,1,2,0,0,D,-0.08,-0.03833333333333334,0.08,29.0,1.2,8.0,5.0,12.0,4.0,-0.64,-0.015000000000000013,0.16,19.0,0.56,4.0,7.0,14.0,7.0
155,SC0,19/02/2022,Hibernian,Ross County,2,0,0,0,15,4,6,3,3,4,0,0,H,-0.15384615384615385,-0.07384615384615385,0.23076923076923078,31.0,1.0,8.0,7.0,11.0,8.0,-0.23076923076923078,0.009230769230769209,0.07692307692307693,27.0,1.4615384615384615,6.0,9.0,11.0,4.0
156,SC0,19/02/2022,Livingston,St Mirren,1,1,0,0,14,4,2,1,2,0,0,1,D,-0.3076923076923077,0.012307692307692297,0.19230769230769232,30.0,0.9615384615384616,8.0,6.0,12.0,7.0,-0.36,0.0566666666666667,0.16,32.0,1.0,7.0,11.0,7.0,8.0
157,SC0,19/02/2022,Motherwell,Aberdeen,1,1,0,1,20,6,4,5,4,3,0,0,D,-0.46153846153846156,-0.06153846153846154,0.15384615384615385,33.0,1.0384615384615385,9.0,6.0,11.0,7.0,-0.07692307692307693,0.0030769230769230743,0.07692307692307693,30.0,1.1923076923076923,8.0,6.0,12.0,4.0
158,SC0,19/02/2022,St Johnstone,Hearts,2,1,1,1,14,13,4,5,2,0,0,0,H,-0.6153846153846154,0.024615384615384595,0.15384615384615385,20.0,0.5769230769230769,4.0,8.0,14.0,7.0,0.3076923076923077,-0.05230769230769228,0.11538461538461539,43.0,1.3461538461538463,12.0,7.0,7.0,10.0
159,SC0,20/02/2022,Dundee United,Rangers,1,1,1,0,5,29,2,3,3,1,0,0,D,-0.23076923076923078,0.08923076923076922,0.07692307692307693,33.0,0.8076923076923077,9.0,6.0,11.0,10.0,1.3076923076923077,0.027692307692307683,0.038461538461538464,62.0,2.1153846153846154,19.0,5.0,2.0,12.0
160,SC0,20/02/2022,Celtic,Dundee,3,2,2,1,19,4,6,2,1,1,0,0,H,1.6153846153846154,-0.024615384615384484,0.07692307692307693,63.0,2.1923076923076925,20.0,3.0,3.0,14.0,-0.84,0.07666666666666666,0.16,21.0,0.84,5.0,6.0,14.0,6.0
161,SC0,26/02/2022,Aberdeen,Dundee United,1,1,1,1,13,6,5,3,2,2,0,0,D,-0.07407407407407407,0.0028490028490028574,0.07407407407407407,31.0,1.1851851851851851,8.0,7.0,12.0,4.0,-0.2222222222222222,0.008547008547008572,0.07407407407407407,34.0,0.8148148148148148,9.0,7.0,11.0,10.0
162,SC0,26/02/2022,Dundee,Livingston,0,4,0,3,9,17,1,6,2,0,0,0,A,-0.8461538461538461,-0.006153846153846176,0.15384615384615385,21.0,0.8846153846153846,5.0,6.0,15.0,6.0,-0.2962962962962963,0.01139601139601143,0.18518518518518517,31.0,0.9629629629629629,8.0,7.0,12.0,7.0
163,SC0,26/02/2022,Ross County,St Johnstone,3,1,1,1,6,15,3,3,1,2,0,0,H,-0.2962962962962963,-0.0655270655270655,0.07407407407407407,27.0,1.4074074074074074,6.0,9.0,12.0,4.0,-0.5555555555555556,0.05982905982905984,0.14814814814814814,23.0,0.6296296296296297,5.0,8.0,14.0,7.0
164,SC0,26/02/2022,St Mirren,Hearts,0,2,0,0,6,19,0,9,2,4,1,0,A,-0.34615384615384615,0.013846153846153841,0.19230769230769232,33.0,1.0,7.0,12.0,7.0,8.0,0.25925925925925924,-0.048433048433048465,0.1111111111111111,43.0,1.3333333333333333,12.0,7.0,8.0,10.0
165,SC0,27/02/2022,Hibernian,Celtic,0,0,0,0,2,13,0,3,5,2,0,0,D,-0.07407407407407407,0.07977207977207978,0.2222222222222222,34.0,1.037037037037037,9.0,7.0,11.0,9.0,1.5925925925925926,-0.02279202279202286,0.07407407407407407,66.0,2.2222222222222223,21.0,3.0,3.0,14.0
166,SC0,27/02/2022,Rangers,Motherwell,2,2,2,0,30,5,10,3,2,3,0,0,D,1.2592592592592593,-0.04843304843304841,0.037037037037037035,63.0,2.074074074074074,19.0,6.0,2.0,12.0,-0.4444444444444444,0.017094017094017144,0.14814814814814814,34.0,1.037037037037037,9.0,7.0,11.0,7.0
167,SC0,02/03/2022,Celtic,St Mirren,2,0,0,0,21,4,6,1,2,2,0,0,H,1.5357142857142858,-0.05687830687830675,0.07142857142857142,67.0,2.142857142857143,21.0,4.0,3.0,15.0,-0.4074074074074074,-0.06125356125356124,0.2222222222222222,33.0,0.9629629629629629,7.0,12.0,8.0,8.0
168,SC0,02/03/2022,Dundee,Hibernian,0,0,0,0,5,12,1,4,2,3,0,1,D,-0.9629629629629629,-0.11680911680911676,0.14814814814814814,21.0,0.8518518518518519,5.0,6.0,16.0,6.0,-0.07142857142857142,0.0026455026455026454,0.21428571428571427,35.0,1.0,9.0,8.0,11.0,10.0
169,SC0,02/03/2022,Hearts,Aberdeen,2,0,1,0,13,7,4,4,1,1,0,0,H,0.32142857142857145,0.06216931216931221,0.10714285714285714,46.0,1.3571428571428572,13.0,7.0,8.0,11.0,-0.07142857142857142,0.0026455026455026454,0.07142857142857142,32.0,1.1785714285714286,8.0,8.0,12.0,4.0
170,SC0,02/03/2022,Livingston,Dundee United,2,1,1,1,21,8,5,2,0,1,0,0,H,-0.14285714285714285,0.15343915343915343,0.17857142857142858,34.0,1.0714285714285714,9.0,7.0,12.0,8.0,-0.21428571428571427,0.007936507936507936,0.07142857142857142,35.0,0.8214285714285714,9.0,8.0,11.0,10.0
171,SC0,02/03/2022,Motherwell,Ross County,0,1,0,1,17,6,4,3,0,1,0,0,A,-0.42857142857142855,0.015873015873015872,0.14285714285714285,35.0,1.0714285714285714,9.0,8.0,11.0,7.0,-0.21428571428571427,0.082010582010582,0.07142857142857142,30.0,1.4642857142857142,7.0,9.0,12.0,4.0
172,SC0,02/03/2022,St Johnstone,Rangers,0,1,0,1,3,12,1,3,1,1,0,0,A,-0.6071428571428571,-0.051587301587301515,0.14285714285714285,23.0,0.6428571428571429,5.0,8.0,15.0,7.0,1.2142857142857142,-0.04497354497354511,0.03571428571428571,64.0,2.0714285714285716,19.0,7.0,2.0,12.0
173,SC0,05/03/2022,Dundee United,Hearts,2,2,0,1,8,14,2,3,4,2,0,0,D,-0.2413793103448276,-0.027093596059113323,0.06896551724137931,35.0,0.8275862068965517,9.0,8.0,12.0,10.0,0.3793103448275862,0.057881773399014735,0.10344827586206896,49.0,1.3793103448275863,14.0,7.0,8.0,12.0
174,SC0,05/03/2022,Hibernian,St Johnstone,0,0,0,0,13,5,3,0,3,3,0,0,D,-0.06896551724137931,0.0024630541871921152,0.2413793103448276,36.0,0.9655172413793104,9.0,9.0,11.0,11.0,-0.6206896551724138,-0.013546798029556717,0.13793103448275862,23.0,0.6206896551724138,5.0,8.0,16.0,7.0
175,SC0,05/03/2022,Motherwell,Dundee,1,1,1,1,16,11,5,3,0,2,0,0,D,-0.4482758620689655,-0.019704433497536977,0.13793103448275862,35.0,1.0344827586206897,9.0,8.0,12.0,7.0,-0.9285714285714286,0.034391534391534306,0.14285714285714285,22.0,0.8214285714285714,5.0,7.0,16.0,7.0
176,SC0,05/03/2022,Rangers,Aberdeen,1,0,0,0,20,2,2,0,1,3,0,0,H,1.206896551724138,-0.00738916256157629,0.034482758620689655,67.0,2.0344827586206895,20.0,7.0,2.0,13.0,-0.13793103448275862,-0.0665024630541872,0.06896551724137931,32.0,1.1379310344827587,8.0,8.0,13.0,4.0
177,SC0,05/03/2022,Ross County,St Mirren,1,0,0,0,7,8,2,2,0,1,0,0,H,-0.1724137931034483,0.041871921182265986,0.06896551724137931,33.0,1.4482758620689655,8.0,9.0,12.0,5.0,-0.4642857142857143,-0.05687830687830692,0.21428571428571427,33.0,0.9285714285714286,7.0,12.0,9.0,8.0
178,SC0,06/03/2022,Livingston,Celtic,1,3,0,1,6,24,3,7,3,1,0,0,A,-0.10344827586206896,0.039408866995073885,0.1724137931034483,37.0,1.103448275862069,10.0,7.0,12.0,8.0,1.5517241379310345,0.016009852216748666,0.06896551724137931,70.0,2.1379310344827585,22.0,4.0,3.0,16.0
179,SC0,09/03/2022,Dundee,St Mirren,0,1,0,0,7,12,1,3,0,2,0,0,A,-0.896551724137931,0.03201970443349755,0.13793103448275862,23.0,0.8275862068965517,5.0,8.0,16.0,7.0,-0.4827586206896552,-0.018472906403940892,0.20689655172413793,33.0,0.896551724137931,7.0,12.0,10.0,8.0
180,SC0,19/03/2022,Aberdeen,Hibernian,3,1,1,1,14,7,5,2,2,4,0,1,H,-0.16666666666666666,-0.02873563218390804,0.06666666666666667,32.0,1.1,8.0,8.0,14.0,4.0,-0.06666666666666667,0.0022988505747126436,0.23333333333333334,37.0,0.9333333333333333,9.0,10.0,11.0,12.0
181,SC0,19/03/2022,Celtic,Ross County,4,0,3,0,24,3,10,1,0,1,0,1,H,1.5666666666666667,0.014942528735632177,0.06666666666666667,73.0,2.1666666666666665,23.0,4.0,3.0,16.0,-0.13333333333333333,0.039080459770114956,0.06666666666666667,36.0,1.4333333333333333,9.0,9.0,12.0,6.0
182,SC0,19/03/2022,Hearts,Livingston,2,0,1,0,14,6,5,2,0,4,0,0,H,0.36666666666666664,-0.012643678160919547,0.1,50.0,1.4,14.0,8.0,8.0,12.0,-0.16666666666666666,-0.0632183908045977,0.16666666666666666,37.0,1.1,10.0,7.0,13.0,8.0
183,SC0,19/03/2022,St Johnstone,Motherwell,2,1,1,1,8,7,2,4,3,2,0,0,H,-0.6,0.020689655172413834,0.13333333333333333,24.0,0.6,5.0,9.0,16.0,8.0,-0.43333333333333335,0.014942528735632177,0.13333333333333333,36.0,1.0333333333333334,9.0,9.0,12.0,7.0
184,SC0,19/03/2022,St Mirren,Dundee United,1,2,1,0,10,14,1,5,3,0,1,0,A,-0.43333333333333335,0.049425287356321845,0.2,36.0,0.9,8.0,12.0,10.0,9.0,-0.23333333333333334,0.00804597701149426,0.06666666666666667,36.0,0.8666666666666667,9.0,9.0,12.0,10.0
185,SC0,20/03/2022,Dundee,Rangers,1,2,1,0,3,19,1,8,3,1,0,0,A,-0.9,-0.0034482758620689724,0.13333333333333333,23.0,0.8,5.0,8.0,17.0,7.0,1.2,-0.006896551724137945,0.03333333333333333,70.0,2.0,21.0,7.0,2.0,14.0
186,SC0,02/04/2022,Dundee,Aberdeen,2,2,0,1,13,21,5,8,1,1,0,0,D,-0.9032258064516129,-0.003225806451612856,0.12903225806451613,23.0,0.8064516129032258,5.0,8.0,18.0,7.0,-0.0967741935483871,0.06989247311827956,0.06451612903225806,35.0,1.1612903225806452,9.0,8.0,14.0,4.0
187,SC0,02/04/2022,Hibernian,Dundee United,1,1,1,1,21,6,4,1,1,2,0,0,D,-0.12903225806451613,-0.06236559139784946,0.25806451612903225,37.0,0.9354838709677419,9.0,10.0,12.0,12.0,-0.1935483870967742,0.03978494623655915,0.06451612903225806,39.0,0.9032258064516129,10.0,9.0,12.0,10.0
188,SC0,02/04/2022,Motherwell,St Mirren,4,2,3,2,13,10,6,4,0,1,0,0,H,-0.45161290322580644,-0.01827956989247309,0.12903225806451613,36.0,1.032258064516129,9.0,9.0,13.0,7.0,-0.45161290322580644,-0.01827956989247309,0.22580645161290322,36.0,0.9032258064516129,8.0,12.0,11.0,9.0
189,SC0,02/04/2022,Ross County,Hearts,1,1,1,1,18,19,5,4,3,1,0,0,D,-0.25806451612903225,-0.12473118279569892,0.0967741935483871,36.0,1.3870967741935485,9.0,9.0,13.0,6.0,0.41935483870967744,0.052688172043010795,0.0967741935483871,53.0,1.4193548387096775,15.0,8.0,8.0,13.0
190,SC0,02/04/2022,St Johnstone,Livingston,1,0,1,0,6,11,3,4,2,3,0,0,H,-0.5483870967741935,0.05161290322580647,0.12903225806451613,27.0,0.6451612903225806,6.0,9.0,16.0,8.0,-0.22580645161290322,-0.05913978494623656,0.16129032258064516,37.0,1.064516129032258,10.0,7.0,14.0,8.0
191,SC0,03/04/2022,Rangers,Celtic,1,2,1,2,16,11,6,5,1,4,0,0,A,1.1935483870967742,-0.006451612903225712,0.03225806451612903,73.0,2.0,22.0,7.0,2.0,14.0,1.6451612903225807,0.07849462365591409,0.06451612903225806,76.0,2.225806451612903,24.0,4.0,3.0,17.0
192,SC0,09/04/2022,Aberdeen,Ross County,0,1,0,0,15,4,2,1,2,3,0,0,A,-0.09375,0.003024193548387094,0.0625,36.0,1.1875,9.0,9.0,14.0,4.0,-0.25,0.008064516129032251,0.09375,37.0,1.375,9.0,10.0,13.0,6.0
193,SC0,09/04/2022,Celtic,St Johnstone,7,0,3,0,23,1,10,0,0,0,0,0,H,1.625,-0.02016129032258074,0.0625,79.0,2.21875,25.0,4.0,3.0,17.0,-0.5,0.048387096774193505,0.125,30.0,0.65625,7.0,9.0,16.0,9.0
194,SC0,09/04/2022,Dundee United,Dundee,2,2,1,0,11,13,3,7,3,2,0,0,D,-0.1875,0.006048387096774188,0.0625,40.0,0.90625,10.0,10.0,12.0,10.0,-0.875,0.028225806451612878,0.125,24.0,0.84375,5.0,9.0,18.0,7.0
195,SC0,09/04/2022,Hearts,Hibernian,3,1,1,1,15,8,4,1,1,3,0,0,H,0.40625,-0.013104838709677435,0.09375,54.0,1.40625,15.0,9.0,8.0,13.0,-0.125,0.0040322580645161255,0.25,38.0,0.9375,9.0,11.0,12.0,12.0
196,SC0,09/04/2022,Livingston,Motherwell,2,2,1,0,12,6,4,2,1,2,0,0,D,-0.25,-0.02419354838709678,0.15625,37.0,1.03125,10.0,7.0,15.0,8.0,-0.375,0.07661290322580644,0.125,39.0,1.125,10.0,9.0,13.0,7.0
197,SC0,10/04/2022,St Mirren,Rangers,0,4,0,2,7,22,3,8,1,0,0,0,A,-0.5,-0.04838709677419356,0.21875,36.0,0.9375,8.0,12.0,12.0,9.0,1.125,-0.06854838709677424,0.03125,73.0,1.96875,22.0,7.0,3.0,14.0
198,SC0,23/04/2022,Motherwell,Rangers,1,3,1,1,8,9,2,5,3,1,0,1,A,-0.36363636363636365,0.011363636363636354,0.12121212121212122,40.0,1.1515151515151516,10.0,10.0,13.0,7.0,1.2121212121212122,0.08712121212121215,0.030303030303030304,76.0,2.0303030303030303,23.0,7.0,3.0,15.0
199,SC0,23/04/2022,Aberdeen,Livingston,1,2,0,1,18,9,5,4,3,2,1,0,A,-0.12121212121212122,-0.027462121212121215,0.06060606060606061,36.0,1.1515151515151516,9.0,9.0,15.0,4.0,-0.24242424242424243,0.007575757575757569,0.15151515151515152,38.0,1.0606060606060606,10.0,8.0,15.0,8.0
200,SC0,23/04/2022,Dundee,St Johnstone,1,1,1,0,10,18,1,5,1,2,0,0,D,-0.8484848484848485,0.02651515151515149,0.12121212121212122,25.0,0.8787878787878788,5.0,10.0,18.0,7.0,-0.696969696969697,-0.19696969696969702,0.12121212121212122,30.0,0.6363636363636364,7.0,9.0,17.0,9.0
201,SC0,23/04/2022,St Mirren,Hibernian,0,1,0,0,11,7,2,2,1,2,0,0,A,-0.6060606060606061,-0.10606060606060608,0.21212121212121213,36.0,0.9090909090909091,8.0,12.0,13.0,9.0,-0.18181818181818182,-0.05681818181818182,0.24242424242424243,38.0,0.9393939393939394,9.0,11.0,13.0,12.0
202,SC0,24/04/2022,Ross County,Celtic,0,2,0,1,6,22,1,5,2,0,0,0,A,-0.21212121212121213,0.03787878787878787,0.09090909090909091,40.0,1.3636363636363635,10.0,10.0,13.0,7.0,1.7878787878787878,0.16287878787878785,0.06060606060606061,82.0,2.3636363636363638,26.0,4.0,3.0,18.0
203,SC0,24/04/2022,Dundee United,Hearts,2,3,1,1,11,20,6,7,2,4,0,0,A,-0.18181818181818182,0.005681818181818177,0.06060606060606061,41.0,0.9393939393939394,10.0,11.0,12.0,10.0,0.45454545454545453,0.04829545454545453,0.09090909090909091,57.0,1.4545454545454546,16.0,9.0,8.0,13.0
204,SC0,30/04/2022,Aberdeen,Dundee,1,0,0,0,19,11,5,4,1,1,0,0,H,-0.14705882352941177,-0.025846702317290554,0.08823529411764706,36.0,1.1470588235294117,9.0,9.0,16.0,4.0,-0.8235294117647058,0.024955436720142665,0.11764705882352941,26.0,0.8823529411764706,5.0,11.0,18.0,7.0
205,SC0,30/04/2022,Dundee United,Motherwell,1,0,1,0,8,12,3,2,3,3,0,0,H,-0.20588235294117646,-0.024064171122994638,0.058823529411764705,41.0,0.9705882352941176,10.0,11.0,13.0,10.0,-0.4117647058823529,-0.048128342245989275,0.11764705882352941,40.0,1.1470588235294117,10.0,10.0,14.0,7.0
206,SC0,30/04/2022,Hearts,Ross County,0,0,0,0,17,6,3,3,0,4,0,0,D,0.47058823529411764,0.01604278074866311,0.08823529411764706,60.0,1.5,17.0,9.0,8.0,13.0,-0.2647058823529412,-0.05258467023172905,0.08823529411764706,40.0,1.3235294117647058,10.0,10.0,14.0,7.0
207,SC0,30/04/2022,Livingston,Hibernian,1,0,0,0,9,18,3,0,3,2,0,0,H,-0.20588235294117646,0.03654188948306597,0.14705882352941177,41.0,1.088235294117647,11.0,8.0,15.0,8.0,-0.14705882352941177,0.034759358288770054,0.23529411764705882,41.0,0.9411764705882353,10.0,11.0,13.0,13.0
208,SC0,30/04/2022,St Johnstone,St Mirren,0,1,0,0,5,12,0,3,1,2,0,0,A,-0.6764705882352942,0.02049910873440286,0.11764705882352941,31.0,0.6470588235294118,7.0,10.0,17.0,9.0,-0.6176470588235294,-0.01158645276292336,0.20588235294117646,36.0,0.8823529411764706,8.0,12.0,14.0,9.0
209,SC0,01/05/2022,Celtic,Rangers,1,1,1,0,9,14,1,5,3,4,0,0,D,1.7941176470588236,0.00623885918003575,0.058823529411764705,85.0,2.3529411764705883,27.0,4.0,3.0,19.0,1.2352941176470589,0.02317290552584672,0.058823529411764705,79.0,2.0588235294117645,24.0,7.0,3.0,15.0
210,SC0,07/05/2022,Celtic,Hearts,4,1,2,1,21,6,12,3,0,2,0,0,H,1.7428571428571429,-0.05126050420168071,0.05714285714285714,86.0,2.3142857142857145,27.0,5.0,3.0,19.0,0.45714285714285713,-0.013445378151260512,0.08571428571428572,61.0,1.457142857142857,17.0,10.0,8.0,14.0
211,SC0,07/05/2022,Hibernian,Aberdeen,1,1,0,0,17,8,5,2,0,1,0,0,D,-0.17142857142857143,-0.02436974789915966,0.22857142857142856,41.0,0.9142857142857143,10.0,11.0,14.0,13.0,-0.11428571428571428,0.03277310924369749,0.08571428571428572,39.0,1.1428571428571428,10.0,9.0,16.0,5.0
212,SC0,07/05/2022,Livingston,St Johnstone,1,1,0,0,11,8,3,5,1,2,0,0,D,-0.17142857142857143,0.03445378151260503,0.14285714285714285,44.0,1.0857142857142856,12.0,8.0,15.0,9.0,-0.6857142857142857,-0.009243697478991564,0.11428571428571428,31.0,0.6285714285714286,7.0,10.0,18.0,9.0
213,SC0,07/05/2022,Ross County,Motherwell,0,1,0,0,14,9,4,2,2,3,0,0,A,-0.2571428571428571,0.007563025210084062,0.08571428571428572,41.0,1.2857142857142858,10.0,11.0,14.0,8.0,-0.42857142857142855,-0.016806722689075626,0.11428571428571428,40.0,1.1142857142857143,10.0,10.0,15.0,7.0
214,SC0,07/05/2022,St Mirren,Dundee,2,0,1,0,14,12,5,1,4,1,0,0,H,-0.5714285714285714,0.04621848739495804,0.2,39.0,0.8857142857142857,9.0,12.0,14.0,10.0,-0.8285714285714286,-0.005042016806722782,0.11428571428571428,26.0,0.8571428571428571,5.0,11.0,19.0,7.0
215,SC0,08/05/2022,Rangers,Dundee United,2,0,0,0,20,3,5,0,1,2,0,0,H,1.2,-0.03529411764705892,0.05714285714285714,80.0,2.0285714285714285,24.0,8.0,3.0,15.0,-0.17142857142857143,0.03445378151260503,0.05714285714285714,44.0,0.9714285714285714,11.0,11.0,13.0,11.0
216,SC0,10/05/2022,Dundee,Hibernian,3,1,1,1,14,16,9,6,2,3,0,0,H,-0.8611111111111112,-0.032539682539682535,0.1111111111111111,26.0,0.8333333333333334,5.0,11.0,20.0,7.0,-0.16666666666666666,0.004761904761904773,0.2222222222222222,42.0,0.9166666666666666,10.0,12.0,14.0,13.0
217,SC0,11/05/2022,Dundee United,Celtic,1,1,0,0,10,13,2,2,0,1,0,0,D,-0.2222222222222222,-0.05079365079365078,0.05555555555555555,44.0,0.9444444444444444,11.0,11.0,14.0,11.0,1.7777777777777777,0.0349206349206348,0.05555555555555555,89.0,2.361111111111111,28.0,5.0,3.0,19.0
218,SC0,11/05/2022,Motherwell,Hearts,2,1,1,1,8,15,3,5,1,0,0,0,H,-0.3888888888888889,0.03968253968253965,0.1111111111111111,43.0,1.1111111111111112,11.0,10.0,15.0,8.0,0.3611111111111111,-0.09603174603174602,0.08333333333333333,61.0,1.4444444444444444,17.0,10.0,9.0,14.0
219,SC0,11/05/2022,Rangers,Ross County,4,1,2,0,33,3,8,1,0,3,0,0,H,1.2222222222222223,0.022222222222222365,0.05555555555555555,83.0,2.0277777777777777,25.0,8.0,3.0,16.0,-0.2777777777777778,-0.020634920634920673,0.08333333333333333,41.0,1.25,10.0,11.0,15.0,8.0
220,SC0,11/05/2022,St Johnstone,Aberdeen,1,0,1,0,9,9,2,2,5,2,0,0,H,-0.6666666666666666,0.01904761904761909,0.1111111111111111,32.0,0.6388888888888888,7.0,11.0,18.0,9.0,-0.1111111111111111,0.003174603174603177,0.08333333333333333,40.0,1.1388888888888888,10.0,10.0,16.0,5.0
221,SC0,11/05/2022,St Mirren,Livingston,0,0,0,0,10,10,1,3,1,3,0,0,D,-0.5,0.0714285714285714,0.19444444444444445,42.0,0.9166666666666666,10.0,12.0,14.0,11.0,-0.16666666666666666,0.004761904761904773,0.1388888888888889,45.0,1.0833333333333333,12.0,9.0,15.0,9.0
222,SC0,14/05/2022,Celtic,Motherwell,6,0,3,0,15,6,8,1,0,1,0,0,H,1.7297297297297298,-0.04804804804804785,0.05405405405405406,90.0,2.324324324324324,28.0,6.0,3.0,19.0,-0.35135135135135137,0.037537537537537524,0.10810810810810811,46.0,1.135135135135135,12.0,10.0,15.0,8.0
223,SC0,14/05/2022,Hearts,Rangers,1,3,1,2,9,12,3,6,1,2,0,0,A,0.32432432432432434,-0.03678678678678676,0.08108108108108109,61.0,1.4324324324324325,17.0,10.0,10.0,14.0,1.2702702702702702,0.04804804804804785,0.05405405405405406,86.0,2.081081081081081,26.0,8.0,3.0,16.0
224,SC0,14/05/2022,Ross County,Dundee United,1,2,0,0,10,16,4,4,1,0,0,0,A,-0.35135135135135137,-0.07357357357357358,0.08108108108108109,41.0,1.2432432432432432,10.0,11.0,16.0,8.0,-0.21621621621621623,0.006006006006005982,0.05405405405405406,45.0,0.9459459459459459,11.0,12.0,14.0,11.0
225,SC0,15/05/2022,Aberdeen,St Mirren,0,0,0,0,18,6,5,1,1,2,0,0,D,-0.13513513513513514,-0.024024024024024038,0.08108108108108109,40.0,1.1081081081081081,10.0,10.0,17.0,5.0,-0.4864864864864865,0.013513513513513487,0.1891891891891892,43.0,0.8918918918918919,10.0,13.0,14.0,12.0
226,SC0,15/05/2022,Hibernian,St Johnstone,4,0,1,0,14,11,6,4,1,2,0,0,H,-0.21621621621621623,-0.04954954954954957,0.21621621621621623,42.0,0.918918918918919,10.0,12.0,15.0,13.0,-0.6216216216216216,0.04504504504504503,0.10810810810810811,35.0,0.6486486486486487,8.0,11.0,18.0,10.0
227,SC0,15/05/2022,Livingston,Dundee,2,1,0,0,18,19,5,4,1,2,0,0,H,-0.16216216216216217,0.004504504504504486,0.13513513513513514,46.0,1.054054054054054,12.0,10.0,15.0,10.0,-0.7837837837837838,0.07732732732732739,0.10810810810810811,29.0,0.8918918918918919,6.0,11.0,20.0,7.0
