,Div,Date,HomeTeam,AwayTeam,FTHG,FTAG,HTHG,HTAG,HS,AS,HST,AST,HY,AY,HR,AR,FTR,Gol_Average_Home,Dif_Home,Rojas_Home,Puntos_Home,Goles_Marcados_Home,Gol_Average_Away,Dif_Away,Rojas_Away,Puntos_Away,Goles_Marcados_Away
0,SP1,11/08/2023,Almeria,Vallecano,0,2,0,2,19,10,5,4,1,3,0,0,A,0.0,0.0,0.0,0.0,0.0,0.0,0.0,0.0,0.0,0.0
1,SP1,11/08/2023,Sevilla,Valencia,1,2,0,0,9,10,3,3,3,2,1,0,A,0.0,0.0,0.0,0.0,0.0,0.0,0.0,0.0,0.0,0.0
2,SP1,12/08/2023,Sociedad,Girona,1,1,1,0,15,6,2,1,2,5,0,0,D,0.0,0.0,0.0,0.0,0.0,0.0,0.0,0.0,0.0,0.0
3,SP1,12/08/2023,Las Palmas,Mallorca,1,1,1,0,5,12,2,2,3,2,0,0,D,0.0,0.0,0.0,0.0,0.0,0.0,0.0,0.0,0.0,0.0
4,SP1,12/08/2023,Ath Bilbao,Real Madrid,0,2,0,2,7,14,1,8,3,1,0,0,A,0.0,0.0,0.0,0.0,0.0,0.0,0.0,0.0,0.0,0.0
5,SP1,13/08/2023,Celta,Osasuna,0,2,0,1,11,11,1,5,1,1,0,0,A,0.0,0.0,0.0,0.0,0.0,0.0,0.0,0.0,0.0,0.0
6,SP1,13/08/2023,Villarreal,Betis,1,2,0,1,18,12,5,5,1,3,0,0,A,0.0,0.0,0.0,0.0,0.0,0.0,0.0,0.0,0.0,0.0
7,SP1,13/08/2023,Getafe,Barcelona,0,0,0,0,5,14,2,4,8,2,1,1,D,0.0,0.0,0.0,0.0,0.0,0.0,0.0,0.0,0.0,0.0
8,SP1,14/08/2023,Cadiz,Alaves,1,0,1,0,12,10,3,2,3,2,1,0,H,0.0,0.0,0.0,0.0,0.0,0.0,0.0,0.0,0.0,0.0
9,SP1,14/08/2023,Ath Madrid,Granada,3,1,1,0,14,7,6,4,3,1,0,0,H,0.0,0.0,0.0,0.0,0.0,0.0,0.0,0.0,0.0,0.0
10,SP1,18/08/2023,Mallorca,Villarreal,0,1,0,0,8,15,1,3,2,4,0,0,A,0.0,0.0,0.0,1.0,1.0,-1.0,-1.0,0.0,0.0,1.0
11,SP1,18/08/2023,Valencia,Las Palmas,1,0,0,0,9,7,4,1,0,0,0,0,H,1.0,1.0,0.0,3.0,2.0,0.0,0.0,0.0,1.0,1.0
12,SP1,19/08/2023,Sociedad,Celta,1,1,1,0,11,17,2,6,2,1,0,0,D,0.0,0.0,0.0,1.0,1.0,-2.0,-2.0,0.0,0.0,0.0
13,SP1,19/08/2023,Almeria,Real Madrid,1,3,1,1,20,24,8,9,1,0,0,0,A,-2.0,-2.0,0.0,0.0,0.0,2.0,2.0,0.0,3.0,2.0
14,SP1,19/08/2023,Osasuna,Ath Bilbao,0,2,0,2,18,8,7,2,1,5,1,1,A,2.0,2.0,0.0,3.0,2.0,-2.0,-2.0,0.0,0.0,0.0
15,SP1,20/08/2023,Girona,Getafe,3,0,1,0,7,9,6,2,2,5,0,0,H,0.0,0.0,0.0,1.0,1.0,0.0,0.0,1.0,1.0,0.0
16,SP1,20/08/2023,Barcelona,Cadiz,2,0,0,0,23,10,10,1,4,3,0,0,H,0.0,0.0,1.0,1.0,0.0,1.0,1.0,1.0,3.0,1.0
17,SP1,20/08/2023,Betis,Ath Madrid,0,0,0,0,14,5,0,1,2,1,0,0,D,1.0,1.0,0.0,3.0,2.0,2.0,2.0,0.0,3.0,3.0
18,SP1,21/08/2023,Alaves,Sevilla,4,3,2,2,14,12,7,2,1,2,0,0,H,-1.0,-1.0,0.0,0.0,0.0,-1.0,-1.0,1.0,0.0,1.0
19,SP1,21/08/2023,Granada,Vallecano,0,2,0,0,14,17,7,9,2,1,1,0,A,-2.0,-2.0,0.0,0.0,1.0,2.0,2.0,0.0,3.0,2.0
20,SP1,25/08/2023,Las Palmas,Sociedad,0,0,0,0,11,8,5,1,1,4,0,0,D,-0.5,-0.5,0.0,1.0,0.5,0.0,0.0,0.0,2.0,1.0
21,SP1,25/08/2023,Celta,Real Madrid,0,1,0,0,13,10,4,3,2,3,0,0,A,-1.0,1.0,0.0,1.0,0.5,2.0,0.0,0.0,6.0,2.5
22,SP1,26/08/2023,Cadiz,Almeria,1,1,0,0,11,5,3,2,0,5,1,1,D,-0.5,-1.5,0.5,3.0,0.5,-2.0,0.0,0.0,0.0,0.5
23,SP1,26/08/2023,Granada,Mallorca,3,2,1,1,10,10,4,5,2,7,0,0,H,-2.0,0.0,0.5,0.0,0.5,-0.5,-0.5,0.0,1.0,0.5
24,SP1,26/08/2023,Sevilla,Girona,1,2,1,1,21,8,4,3,2,1,0,0,A,-1.0,0.0,0.5,0.0,2.0,1.5,1.5,0.0,4.0,2.0
25,SP1,27/08/2023,Villarreal,Barcelona,3,4,2,2,13,21,6,11,3,3,0,0,A,0.0,1.0,0.0,3.0,1.0,1.0,1.0,0.5,4.0,1.0
26,SP1,27/08/2023,Valencia,Osasuna,1,2,0,1,16,7,4,2,3,4,0,0,A,1.0,0.0,0.0,6.0,1.5,0.0,-2.0,0.5,3.0,1.0
27,SP1,27/08/2023,Ath Bilbao,Betis,4,2,3,2,14,7,6,3,4,2,0,0,H,0.0,2.0,0.5,3.0,1.0,0.5,-0.5,0.0,4.0,1.0
28,SP1,28/08/2023,Getafe,Alaves,1,0,0,0,15,16,4,2,1,2,0,0,H,-1.5,-1.5,0.5,1.0,0.0,0.0,1.0,0.0,3.0,2.0
29,SP1,28/08/2023,Vallecano,Ath Madrid,0,7,0,3,12,17,3,10,4,3,0,0,A,2.0,0.0,0.0,6.0,2.0,1.0,-1.0,0.0,4.0,1.5
30,SP1,01/09/2023,Cadiz,Villarreal,3,1,2,1,18,7,4,3,5,4,0,1,H,-0.3333333333333333,0.16666666666666669,0.6666666666666666,4.0,0.6666666666666666,-0.3333333333333333,-0.3333333333333333,0.0,3.0,1.6666666666666667
31,SP1,01/09/2023,Almeria,Celta,2,3,0,2,16,14,5,8,1,1,0,0,A,-1.3333333333333333,0.6666666666666667,0.3333333333333333,1.0,0.6666666666666666,-1.0,0.0,0.0,1.0,0.3333333333333333
32,SP1,02/09/2023,Sociedad,Granada,5,3,2,1,15,8,6,5,1,5,0,0,H,0.0,0.0,0.0,3.0,0.6666666666666666,-1.0,1.0,0.3333333333333333,3.0,1.3333333333333333
33,SP1,02/09/2023,Real Madrid,Getafe,2,1,0,1,26,6,12,2,2,6,0,0,H,1.6666666666666667,-0.33333333333333326,0.0,9.0,2.0,-0.6666666666666666,0.8333333333333334,0.3333333333333333,4.0,0.3333333333333333
34,SP1,02/09/2023,Alaves,Valencia,1,0,1,0,7,9,1,4,4,2,0,0,H,-0.3333333333333333,-0.3333333333333333,0.0,3.0,1.3333333333333333,0.3333333333333333,-0.6666666666666667,0.0,6.0,1.3333333333333333
35,SP1,02/09/2023,Betis,Vallecano,1,0,0,0,14,15,5,6,3,5,0,0,H,-0.3333333333333333,-0.8333333333333333,0.0,4.0,1.3333333333333333,-1.0,-3.0,0.0,6.0,1.3333333333333333
36,SP1,03/09/2023,Girona,Las Palmas,1,0,0,0,11,10,6,5,3,3,0,0,H,1.3333333333333333,-0.16666666666666674,0.0,7.0,2.0,-0.3333333333333333,0.16666666666666669,0.0,2.0,0.3333333333333333
37,SP1,03/09/2023,Mallorca,Ath Bilbao,0,0,0,0,8,11,2,3,0,1,0,0,D,-0.6666666666666666,-0.16666666666666663,0.0,1.0,1.0,0.6666666666666666,0.6666666666666666,0.3333333333333333,6.0,2.0
38,SP1,03/09/2023,Osasuna,Barcelona,1,2,0,1,11,9,3,4,1,3,1,0,A,0.3333333333333333,0.3333333333333333,0.3333333333333333,6.0,1.3333333333333333,1.0,0.0,0.3333333333333333,7.0,2.0
39,SP1,15/09/2023,Vallecano,Alaves,2,0,1,0,20,9,11,1,2,3,0,0,H,-1.0,0.0,0.0,6.0,1.0,0.0,0.3333333333333333,0.0,6.0,1.25
40,SP1,16/09/2023,Ath Bilbao,Cadiz,3,0,0,0,20,5,9,4,1,4,0,0,H,0.5,-0.16666666666666663,0.25,7.0,1.5,0.25,0.5833333333333333,0.5,7.0,1.25
41,SP1,16/09/2023,Valencia,Ath Madrid,3,0,2,0,12,11,8,3,1,5,0,0,H,0.0,-0.3333333333333333,0.0,6.0,1.0,3.0,2.0,0.0,7.0,3.3333333333333335
42,SP1,16/09/2023,Celta,Mallorca,0,1,0,0,16,7,4,4,1,3,0,0,A,-0.5,0.5,0.0,4.0,1.0,-0.5,0.16666666666666663,0.0,2.0,0.75
43,SP1,16/09/2023,Barcelona,Betis,5,0,2,0,17,11,9,2,1,2,0,0,H,1.0,0.0,0.25,10.0,2.0,0.0,0.3333333333333333,0.0,7.0,1.25
44,SP1,17/09/2023,Getafe,Osasuna,3,2,1,1,11,8,6,3,6,2,0,0,H,-0.75,-0.08333333333333337,0.25,4.0,0.5,0.0,-0.3333333333333333,0.5,6.0,1.25
45,SP1,17/09/2023,Villarreal,Almeria,2,1,1,1,10,17,4,7,2,3,0,0,H,-0.75,-0.4166666666666667,0.25,3.0,1.5,-1.25,0.08333333333333326,0.25,1.0,1.0
46,SP1,17/09/2023,Sevilla,Las Palmas,1,0,0,0,26,12,9,2,3,5,0,0,H,-1.0,0.0,0.3333333333333333,0.0,1.6666666666666667,-0.5,-0.16666666666666669,0.0,2.0,0.25
47,SP1,17/09/2023,Real Madrid,Sociedad,2,1,0,1,17,15,8,5,3,2,0,0,H,1.5,-0.16666666666666674,0.0,12.0,2.0,0.5,0.5,0.0,6.0,1.75
48,SP1,18/09/2023,Granada,Girona,2,4,0,3,12,13,5,7,3,3,0,0,A,-1.25,-0.25,0.25,3.0,1.75,1.25,-0.08333333333333326,0.0,10.0,1.75
49,SP1,22/09/2023,Alaves,Ath Bilbao,0,2,0,1,15,11,5,3,2,2,0,0,A,-0.4,-0.4,0.0,6.0,1.0,1.0,0.5,0.2,10.0,1.8
50,SP1,23/09/2023,Girona,Mallorca,5,3,4,1,23,15,10,5,1,5,0,0,H,1.4,0.1499999999999999,0.0,13.0,2.2,-0.2,0.3,0.0,5.0,0.8
51,SP1,23/09/2023,Osasuna,Sevilla,0,0,0,0,16,15,2,3,2,3,0,0,D,-0.2,-0.2,0.4,6.0,1.4,-0.5,0.5,0.25,3.0,1.5
52,SP1,23/09/2023,Barcelona,Celta,3,2,0,1,15,13,6,7,2,1,0,0,H,1.8,0.8,0.2,13.0,2.6,-0.6,-0.09999999999999998,0.0,4.0,0.8
53,SP1,23/09/2023,Almeria,Valencia,2,2,0,1,17,7,10,5,4,2,0,0,D,-1.2,0.050000000000000044,0.2,1.0,1.0,0.6,0.6,0.0,9.0,1.4
54,SP1,24/09/2023,Sociedad,Getafe,4,3,1,2,10,10,6,7,3,2,0,0,H,0.2,-0.3,0.0,6.0,1.6,-0.4,0.35,0.2,7.0,1.0
55,SP1,24/09/2023,Vallecano,Villarreal,1,1,1,1,11,13,6,6,2,3,0,1,D,-0.4,0.6,0.0,9.0,1.2,-0.4,0.35,0.2,6.0,1.6
56,SP1,24/09/2023,Betis,Cadiz,1,1,0,1,21,5,7,1,2,3,0,0,D,-1.0,-1.0,0.0,7.0,1.0,-0.4,-0.65,0.4,7.0,1.0
57,SP1,24/09/2023,Las Palmas,Granada,1,0,0,0,10,2,3,1,6,4,1,0,H,-0.6,-0.09999999999999998,0.0,2.0,0.2,-1.4,-0.1499999999999999,0.2,3.0,1.8
58,SP1,24/09/2023,Ath Madrid,Real Madrid,3,1,2,1,10,20,4,5,1,3,0,0,H,1.5,-1.5,0.0,7.0,2.5,1.4,-0.10000000000000009,0.0,15.0,2.0
59,SP1,26/09/2023,Sevilla,Almeria,5,1,3,0,18,10,9,1,3,2,0,0,H,-0.4,0.09999999999999998,0.2,4.0,1.2,-1.0,0.19999999999999996,0.16666666666666666,2.0,1.1666666666666667
60,SP1,26/09/2023,Mallorca,Barcelona,2,2,2,1,10,10,5,4,4,1,1,0,D,-0.5,-0.3,0.0,5.0,1.1666666666666667,1.6666666666666667,-0.1333333333333333,0.16666666666666666,16.0,2.6666666666666665
61,SP1,27/09/2023,Ath Bilbao,Getafe,2,2,1,0,9,13,4,5,5,6,1,0,D,1.1666666666666667,0.16666666666666674,0.16666666666666666,13.0,1.8333333333333333,-0.5,-0.09999999999999998,0.16666666666666666,7.0,1.3333333333333333
62,SP1,27/09/2023,Real Madrid,Las Palmas,2,0,1,0,21,16,9,2,0,1,0,0,H,0.8333333333333334,-0.5666666666666665,0.0,15.0,1.8333333333333333,-0.3333333333333333,0.26666666666666666,0.16666666666666666,5.0,0.3333333333333333
63,SP1,27/09/2023,Villarreal,Girona,1,2,0,0,14,17,3,5,3,2,0,0,A,-0.3333333333333333,0.06666666666666671,0.3333333333333333,7.0,1.5,1.5,0.10000000000000009,0.0,16.0,2.6666666666666665
64,SP1,27/09/2023,Cadiz,Vallecano,0,0,0,0,9,9,2,4,5,6,0,1,D,-0.3333333333333333,0.06666666666666671,0.3333333333333333,8.0,1.0,-0.3333333333333333,0.06666666666666671,0.0,10.0,1.1666666666666667
65,SP1,27/09/2023,Valencia,Sociedad,0,1,0,1,9,2,2,1,4,7,1,0,A,0.5,-0.09999999999999998,0.0,10.0,1.5,0.3333333333333333,0.1333333333333333,0.0,9.0,2.0
66,SP1,28/09/2023,Celta,Alaves,1,1,1,0,8,21,0,11,5,3,1,0,D,-0.6666666666666666,-0.06666666666666665,0.0,4.0,1.0,-0.6666666666666666,-0.2666666666666666,0.0,6.0,0.8333333333333334
67,SP1,28/09/2023,Granada,Betis,1,1,0,0,19,13,7,3,2,1,0,0,D,-1.3333333333333333,0.06666666666666665,0.16666666666666666,3.0,1.5,-0.8333333333333334,0.16666666666666663,0.0,8.0,1.0
68,SP1,28/09/2023,Osasuna,Ath Madrid,0,2,0,1,13,4,2,3,3,3,1,1,A,-0.16666666666666666,0.033333333333333354,0.3333333333333333,7.0,1.1666666666666667,1.6,0.10000000000000009,0.0,10.0,2.6
69,SP1,29/09/2023,Barcelona,Sevilla,1,0,0,0,18,12,5,3,2,3,0,0,H,1.4285714285714286,-0.23809523809523814,0.14285714285714285,17.0,2.5714285714285716,0.3333333333333333,0.7333333333333334,0.16666666666666666,7.0,1.8333333333333333
70,SP1,30/09/2023,Getafe,Villarreal,0,0,0,0,22,3,9,0,2,4,0,1,D,-0.42857142857142855,0.07142857142857145,0.14285714285714285,8.0,1.4285714285714286,-0.42857142857142855,-0.09523809523809523,0.2857142857142857,7.0,1.4285714285714286
71,SP1,30/09/2023,Vallecano,Mallorca,2,2,1,1,19,9,5,4,2,5,0,0,D,-0.2857142857142857,0.047619047619047616,0.14285714285714285,11.0,1.0,-0.42857142857142855,0.07142857142857145,0.14285714285714285,6.0,1.2857142857142858
72,SP1,30/09/2023,Girona,Real Madrid,0,3,0,2,13,14,3,7,2,2,0,1,A,1.4285714285714286,-0.0714285714285714,0.0,19.0,2.5714285714285716,1.0,0.16666666666666663,0.0,18.0,1.8571428571428572
73,SP1,30/09/2023,Sociedad,Ath Bilbao,3,0,1,0,8,18,5,3,2,2,0,0,H,0.42857142857142855,0.09523809523809523,0.0,12.0,1.8571428571428572,1.0,-0.16666666666666674,0.2857142857142857,14.0,1.8571428571428572
74,SP1,01/10/2023,Almeria,Granada,3,3,3,0,17,19,5,4,2,1,0,0,D,-1.4285714285714286,-0.4285714285714286,0.14285714285714285,2.0,1.1428571428571428,-1.1428571428571428,0.19047619047619047,0.14285714285714285,4.0,1.4285714285714286
75,SP1,01/10/2023,Alaves,Osasuna,0,2,0,1,17,10,3,3,2,3,1,0,A,-0.5714285714285714,0.09523809523809523,0.0,7.0,0.8571428571428571,-0.42857142857142855,-0.26190476190476186,0.42857142857142855,7.0,1.0
76,SP1,01/10/2023,Ath Madrid,Cadiz,3,2,1,2,18,8,9,4,1,3,0,0,H,1.6666666666666667,0.06666666666666665,0.16666666666666666,13.0,2.5,-0.2857142857142857,0.047619047619047616,0.2857142857142857,9.0,0.8571428571428571
77,SP1,01/10/2023,Betis,Valencia,3,0,1,0,15,9,7,2,2,2,0,0,H,-0.7142857142857143,0.11904761904761907,0.0,9.0,1.0,0.2857142857142857,-0.2142857142857143,0.14285714285714285,10.0,1.2857142857142858
78,SP1,02/10/2023,Las Palmas,Celta,2,1,0,0,16,11,5,3,2,1,0,0,H,-0.5714285714285714,-0.23809523809523808,0.14285714285714285,5.0,0.2857142857142857,-0.5714285714285714,0.09523809523809523,0.14285714285714285,5.0,1.0
79,SP1,06/10/2023,Ath Bilbao,Almeria,3,0,1,0,23,4,9,1,2,0,0,0,H,0.5,-0.5,0.25,14.0,1.625,-1.25,0.1785714285714286,0.125,3.0,1.375
80,SP1,07/10/2023,Cadiz,Girona,0,1,0,0,8,20,2,5,1,3,1,0,A,-0.375,-0.0892857142857143,0.25,9.0,1.0,0.875,-0.5535714285714286,0.0,19.0,2.25
81,SP1,07/10/2023,Real Madrid,Osasuna,4,0,1,0,19,7,9,1,2,2,0,0,H,1.25,0.25,0.125,21.0,2.0,-0.125,0.30357142857142855,0.375,10.0,1.125
82,SP1,07/10/2023,Mallorca,Valencia,1,1,1,1,9,11,5,3,2,1,0,0,D,-0.375,0.05357142857142855,0.125,7.0,1.375,-0.125,-0.4107142857142857,0.125,10.0,1.125
83,SP1,07/10/2023,Sevilla,Vallecano,2,2,0,2,22,7,6,4,5,2,0,0,D,0.14285714285714285,-0.19047619047619047,0.14285714285714285,7.0,1.5714285714285714,-0.25,0.0357142857142857,0.125,12.0,1.125
84,SP1,08/10/2023,Villarreal,Las Palmas,1,2,0,1,9,8,4,5,4,4,0,0,A,-0.375,0.05357142857142855,0.375,8.0,1.25,-0.375,0.1964285714285714,0.125,8.0,0.5
85,SP1,08/10/2023,Ath Madrid,Sociedad,2,1,1,0,14,13,5,4,3,3,0,0,H,1.5714285714285714,-0.09523809523809534,0.14285714285714285,16.0,2.5714285714285716,0.75,0.32142857142857145,0.0,15.0,2.0
86,SP1,08/10/2023,Alaves,Betis,1,1,1,1,15,6,5,2,3,3,0,1,D,-0.75,-0.1785714285714286,0.125,7.0,0.75,-0.25,0.4642857142857143,0.0,12.0,1.25
87,SP1,08/10/2023,Celta,Getafe,2,2,2,2,26,3,11,2,1,8,0,1,D,-0.625,-0.0535714285714286,0.125,5.0,1.0,-0.375,0.05357142857142855,0.125,9.0,1.25
88,SP1,08/10/2023,Granada,Barcelona,2,2,2,1,7,22,2,10,4,1,0,0,D,-1.0,0.1428571428571428,0.125,5.0,1.625,1.375,-0.0535714285714286,0.125,20.0,2.375
89,SP1,20/10/2023,Osasuna,Granada,2,0,1,0,12,13,6,3,3,4,0,1,H,-0.5555555555555556,-0.4305555555555556,0.3333333333333333,10.0,1.0,-0.8888888888888888,0.11111111111111116,0.1111111111111111,6.0,1.6666666666666667
90,SP1,21/10/2023,Sociedad,Mallorca,1,0,0,0,14,18,6,7,3,3,0,0,H,0.5555555555555556,-0.19444444444444442,0.0,15.0,1.8888888888888888,-0.3333333333333333,0.041666666666666685,0.1111111111111111,8.0,1.3333333333333333
91,SP1,21/10/2023,Getafe,Betis,1,1,1,1,14,13,4,3,5,2,0,0,D,-0.3333333333333333,0.041666666666666685,0.2222222222222222,10.0,1.3333333333333333,-0.2222222222222222,0.02777777777777779,0.1111111111111111,13.0,1.2222222222222223
92,SP1,21/10/2023,Sevilla,Real Madrid,1,1,0,0,17,14,7,5,5,2,0,0,D,0.125,-0.01785714285714285,0.125,8.0,1.625,1.5555555555555556,0.3055555555555556,0.1111111111111111,24.0,2.2222222222222223
93,SP1,21/10/2023,Celta,Ath Madrid,0,3,0,1,16,12,3,7,3,2,1,0,A,-0.5555555555555556,0.06944444444444442,0.1111111111111111,6.0,1.1111111111111112,1.5,-0.0714285714285714,0.125,19.0,2.5
94,SP1,22/10/2023,Las Palmas,Vallecano,0,1,0,0,12,12,6,4,4,3,0,1,A,-0.2222222222222222,0.1527777777777778,0.1111111111111111,11.0,0.6666666666666666,-0.2222222222222222,0.02777777777777779,0.1111111111111111,13.0,1.2222222222222223
95,SP1,22/10/2023,Girona,Almeria,5,2,3,2,19,9,8,5,1,2,0,0,H,0.8888888888888888,0.01388888888888884,0.0,22.0,2.111111111111111,-1.4444444444444444,-0.19444444444444442,0.1111111111111111,3.0,1.2222222222222223
96,SP1,22/10/2023,Villarreal,Alaves,1,1,0,0,12,16,3,7,4,3,0,0,D,-0.4444444444444444,-0.06944444444444442,0.3333333333333333,8.0,1.2222222222222223,-0.6666666666666666,0.08333333333333337,0.1111111111111111,8.0,0.7777777777777778
97,SP1,22/10/2023,Barcelona,Ath Bilbao,1,0,0,0,12,10,7,3,3,3,0,0,H,1.2222222222222223,-0.15277777777777768,0.1111111111111111,21.0,2.3333333333333335,0.7777777777777778,0.2777777777777778,0.2222222222222222,17.0,1.7777777777777777
98,SP1,23/10/2023,Valencia,Cadiz,2,0,2,0,12,5,4,4,0,3,0,1,H,-0.1111111111111111,0.013888888888888895,0.1111111111111111,11.0,1.1111111111111112,-0.4444444444444444,-0.06944444444444442,0.3333333333333333,9.0,0.8888888888888888
99,SP1,27/10/2023,Girona,Celta,1,0,0,0,12,4,2,2,3,2,0,0,H,1.1,0.21111111111111125,0.0,25.0,2.4,-0.8,-0.24444444444444446,0.2,6.0,1.0
100,SP1,28/10/2023,Almeria,Las Palmas,1,2,0,1,10,10,4,3,3,1,0,0,A,-1.6,-0.15555555555555567,0.1,3.0,1.3,-0.3,-0.07777777777777778,0.1,11.0,0.6
101,SP1,28/10/2023,Barcelona,Real Madrid,1,2,1,0,15,13,3,4,2,1,0,0,A,1.2,-0.022222222222222365,0.1,24.0,2.2,1.4,-0.15555555555555567,0.1,25.0,2.1
102,SP1,28/10/2023,Mallorca,Getafe,0,0,0,0,15,8,4,0,0,1,0,0,D,-0.4,-0.06666666666666671,0.1,8.0,1.2,-0.3,0.033333333333333326,0.2,11.0,1.3
103,SP1,28/10/2023,Cadiz,Sevilla,2,2,2,1,10,20,5,10,6,4,0,0,D,-0.6,-0.15555555555555556,0.4,9.0,0.8,0.1111111111111111,-0.013888888888888895,0.1111111111111111,9.0,1.5555555555555556
104,SP1,29/10/2023,Betis,Osasuna,2,1,1,0,9,7,2,1,3,4,0,0,H,-0.2,0.0222222222222222,0.1,14.0,1.2,-0.3,0.2555555555555556,0.3,13.0,1.1
105,SP1,29/10/2023,Vallecano,Sociedad,2,2,1,1,16,15,7,3,3,2,0,0,D,-0.1,0.1222222222222222,0.2,16.0,1.2,0.6,0.0444444444444444,0.0,18.0,1.8
106,SP1,29/10/2023,Ath Bilbao,Valencia,2,2,1,0,12,11,7,5,3,1,0,0,D,0.6,-0.1777777777777778,0.2,17.0,1.6,0.1,0.2111111111111111,0.1,14.0,1.2
107,SP1,29/10/2023,Ath Madrid,Alaves,2,1,2,0,11,8,7,1,3,2,0,0,H,1.6666666666666667,0.16666666666666674,0.1111111111111111,22.0,2.5555555555555554,-0.6,0.06666666666666665,0.1,9.0,0.8
108,SP1,30/10/2023,Granada,Villarreal,2,3,2,3,18,6,8,5,0,4,0,0,A,-1.0,-0.11111111111111116,0.2,6.0,1.5,-0.4,0.0444444444444444,0.3,9.0,1.2
109,SP1,03/11/2023,Las Palmas,Ath Madrid,2,1,0,0,9,13,3,5,0,3,0,0,H,-0.18181818181818182,0.11818181818181817,0.09090909090909091,14.0,0.7272727272727273,1.6,-0.06666666666666665,0.1,25.0,2.5
110,SP1,04/11/2023,Osasuna,Girona,2,4,1,1,15,11,3,4,5,3,0,0,A,-0.36363636363636365,-0.06363636363636366,0.2727272727272727,13.0,1.0909090909090908,1.0909090909090908,-0.00909090909090926,0.0,28.0,2.272727272727273
111,SP1,04/11/2023,Betis,Mallorca,2,0,1,0,22,8,3,1,1,4,0,1,H,-0.09090909090909091,0.1090909090909091,0.09090909090909091,17.0,1.2727272727272727,-0.36363636363636365,0.036363636363636376,0.09090909090909091,9.0,1.0909090909090908
112,SP1,04/11/2023,Celta,Sevilla,1,1,1,0,15,13,3,5,2,5,1,0,D,-0.8181818181818182,-0.018181818181818188,0.18181818181818182,6.0,0.9090909090909091,0.1,-0.0111111111111111,0.1,10.0,1.6
113,SP1,04/11/2023,Sociedad,Barcelona,0,1,0,0,13,12,6,4,3,3,0,0,A,0.5454545454545454,-0.054545454545454564,0.0,19.0,1.8181818181818181,1.0,-0.19999999999999996,0.09090909090909091,24.0,2.090909090909091
114,SP1,05/11/2023,Alaves,Almeria,1,0,0,0,23,9,3,3,2,3,0,0,H,-0.6363636363636364,-0.036363636363636376,0.09090909090909091,9.0,0.8181818181818182,-1.5454545454545454,0.054545454545454675,0.09090909090909091,3.0,1.2727272727272727
115,SP1,05/11/2023,Valencia,Granada,1,0,1,0,11,6,2,1,3,5,0,0,H,0.09090909090909091,-0.009090909090909094,0.09090909090909091,15.0,1.2727272727272727,-1.0,0.0,0.18181818181818182,6.0,1.5454545454545454
116,SP1,05/11/2023,Villarreal,Ath Bilbao,2,3,0,3,17,17,6,7,4,4,0,0,A,-0.2727272727272727,0.12727272727272732,0.2727272727272727,12.0,1.3636363636363635,0.5454545454545454,-0.054545454545454564,0.18181818181818182,18.0,1.6363636363636365
117,SP1,05/11/2023,Real Madrid,Vallecano,0,0,0,0,22,4,5,0,3,5,0,0,D,1.3636363636363635,-0.036363636363636376,0.09090909090909091,28.0,2.090909090909091,-0.09090909090909091,0.009090909090909094,0.18181818181818182,17.0,1.2727272727272727
118,SP1,06/11/2023,Getafe,Cadiz,1,0,0,0,13,6,3,2,7,1,1,0,H,-0.2727272727272727,0.027272727272727282,0.18181818181818182,12.0,1.1818181818181819,-0.5454545454545454,0.054545454545454564,0.36363636363636365,10.0,0.9090909090909091
119,SP1,10/11/2023,Ath Bilbao,Celta,4,3,2,2,21,13,12,5,2,2,0,0,H,0.5833333333333334,0.037878787878787956,0.16666666666666666,21.0,1.75,-0.75,0.06818181818181823,0.25,7.0,0.9166666666666666
120,SP1,11/11/2023,Vallecano,Girona,1,2,1,1,22,19,9,7,1,2,0,0,A,-0.08333333333333333,0.007575757575757583,0.16666666666666666,18.0,1.1666666666666667,1.1666666666666667,0.07575757575757591,0.0,31.0,2.4166666666666665
121,SP1,11/11/2023,Almeria,Sociedad,1,3,0,0,7,18,2,6,2,2,0,0,A,-1.5,0.045454545454545414,0.08333333333333333,3.0,1.1666666666666667,0.4166666666666667,-0.12878787878787873,0.0,19.0,1.6666666666666667
122,SP1,11/11/2023,Granada,Getafe,1,1,1,1,12,10,6,6,4,2,0,0,D,-1.0,0.0,0.16666666666666666,6.0,1.4166666666666667,-0.16666666666666666,0.10606060606060605,0.25,15.0,1.1666666666666667
123,SP1,11/11/2023,Osasuna,Las Palmas,1,1,0,0,11,6,3,1,1,1,0,0,D,-0.5,-0.13636363636363635,0.25,13.0,1.1666666666666667,-0.08333333333333333,0.0984848484848485,0.08333333333333333,17.0,0.8333333333333334
124,SP1,11/11/2023,Real Madrid,Valencia,5,1,2,0,16,10,7,4,1,3,0,0,H,1.25,-0.11363636363636354,0.08333333333333333,29.0,1.9166666666666667,0.16666666666666666,0.07575757575757575,0.08333333333333333,18.0,1.25
125,SP1,12/11/2023,Barcelona,Alaves,2,1,0,1,11,8,6,1,2,1,0,0,H,1.0,0.0,0.08333333333333333,27.0,2.0,-0.5,0.13636363636363635,0.08333333333333333,12.0,0.8333333333333334
126,SP1,12/11/2023,Sevilla,Betis,1,1,0,0,13,14,4,6,1,1,0,0,D,0.09090909090909091,-0.009090909090909094,0.09090909090909091,11.0,1.5454545454545454,0.08333333333333333,0.17424242424242425,0.08333333333333333,20.0,1.3333333333333333
127,SP1,12/11/2023,Ath Madrid,Villarreal,3,1,1,1,25,11,10,7,0,2,0,0,H,1.3636363636363635,-0.23636363636363655,0.09090909090909091,25.0,2.3636363636363638,-0.3333333333333333,-0.06060606060606061,0.25,12.0,1.4166666666666667
128,SP1,24/11/2023,Alaves,Granada,3,1,2,0,8,11,5,4,1,3,0,0,H,-0.5384615384615384,-0.038461538461538436,0.07692307692307693,12.0,0.8461538461538461,-0.9230769230769231,0.07692307692307687,0.15384615384615385,7.0,1.3846153846153846
129,SP1,25/11/2023,Vallecano,Barcelona,1,1,1,0,10,15,4,4,3,4,0,0,D,-0.15384615384615385,-0.07051282051282053,0.15384615384615385,18.0,1.1538461538461537,1.0,0.0,0.07692307692307693,30.0,2.0
130,SP1,25/11/2023,Valencia,Celta,0,0,0,0,8,13,0,1,3,2,0,0,D,-0.15384615384615385,-0.3205128205128205,0.07692307692307693,18.0,1.2307692307692308,-0.7692307692307693,-0.019230769230769273,0.23076923076923078,7.0,1.0769230769230769
131,SP1,25/11/2023,Getafe,Almeria,2,1,2,1,18,13,5,4,2,4,0,0,H,-0.15384615384615385,0.012820512820512803,0.23076923076923078,16.0,1.1538461538461537,-1.5384615384615385,-0.03846153846153855,0.07692307692307693,3.0,1.1538461538461537
132,SP1,25/11/2023,Ath Madrid,Mallorca,1,0,0,0,20,8,3,1,0,0,0,0,H,1.4166666666666667,0.053030303030303205,0.08333333333333333,28.0,2.4166666666666665,-0.5,-0.13636363636363635,0.16666666666666666,9.0,1.0
133,SP1,26/11/2023,Villarreal,Osasuna,3,1,0,0,10,15,3,7,0,0,0,0,H,-0.46153846153846156,-0.12820512820512825,0.23076923076923078,12.0,1.3846153846153846,-0.46153846153846156,0.038461538461538436,0.23076923076923078,14.0,1.1538461538461537
134,SP1,26/11/2023,Sociedad,Sevilla,2,1,2,0,11,8,8,2,2,1,0,2,H,0.5384615384615384,0.12179487179487175,0.0,22.0,1.7692307692307692,0.08333333333333333,-0.007575757575757583,0.08333333333333333,12.0,1.5
135,SP1,26/11/2023,Cadiz,Real Madrid,0,3,0,1,13,14,4,5,3,3,0,0,A,-0.5833333333333334,-0.037878787878787956,0.3333333333333333,10.0,0.8333333333333334,1.4615384615384615,0.21153846153846145,0.07692307692307693,32.0,2.1538461538461537
136,SP1,26/11/2023,Betis,Las Palmas,1,0,1,0,12,15,6,4,1,2,0,0,H,0.07692307692307693,-0.006410256410256401,0.07692307692307693,21.0,1.3076923076923077,-0.07692307692307693,0.006410256410256401,0.07692307692307693,18.0,0.8461538461538461
137,SP1,27/11/2023,Girona,Ath Bilbao,1,1,0,0,12,13,2,6,1,1,0,0,D,1.1538461538461537,-0.012820512820512997,0.0,34.0,2.3846153846153846,0.6153846153846154,0.03205128205128205,0.15384615384615385,24.0,1.9230769230769231
138,SP1,29/11/2023,Mallorca,Cadiz,1,1,1,1,16,6,3,3,2,3,0,0,D,-0.5384615384615384,-0.038461538461538436,0.15384615384615385,9.0,0.9230769230769231,-0.7692307692307693,-0.1858974358974359,0.3076923076923077,10.0,0.7692307692307693
139,SP1,01/12/2023,Las Palmas,Getafe,2,0,1,0,11,12,6,4,0,5,0,1,H,-0.14285714285714285,-0.06593406593406592,0.07142857142857142,18.0,0.7857142857142857,-0.07142857142857142,0.08241758241758243,0.21428571428571427,19.0,1.2142857142857142
140,SP1,02/12/2023,Girona,Valencia,2,1,0,0,9,9,5,3,2,3,0,0,H,1.0714285714285714,-0.08241758241758235,0.0,35.0,2.2857142857142856,-0.14285714285714285,0.010989010989011005,0.07142857142857142,19.0,1.1428571428571428
141,SP1,02/12/2023,Ath Bilbao,Vallecano,4,0,1,0,9,11,4,3,1,2,0,0,H,0.5714285714285714,-0.04395604395604402,0.14285714285714285,25.0,1.8571428571428572,-0.14285714285714285,0.010989010989011005,0.14285714285714285,19.0,1.1428571428571428
142,SP1,02/12/2023,Real Madrid,Granada,2,0,1,0,11,1,4,0,2,1,0,0,H,1.5714285714285714,0.10989010989010994,0.07142857142857142,35.0,2.2142857142857144,-1.0,-0.07692307692307687,0.14285714285714285,7.0,1.3571428571428572
143,SP1,02/12/2023,Osasuna,Sociedad,1,1,1,1,9,17,3,5,3,3,0,0,D,-0.5714285714285714,-0.10989010989010983,0.21428571428571427,14.0,1.1428571428571428,0.5714285714285714,0.03296703296703296,0.0,25.0,1.7857142857142858
144,SP1,03/12/2023,Mallorca,Alaves,0,0,0,0,7,7,3,4,4,2,0,0,D,-0.5,0.038461538461538436,0.14285714285714285,10.0,0.9285714285714286,-0.35714285714285715,0.18131868131868129,0.07142857142857142,15.0,1.0
145,SP1,03/12/2023,Almeria,Betis,0,0,0,0,20,6,8,2,0,3,0,1,D,-1.5,0.03846153846153855,0.07142857142857142,3.0,1.1428571428571428,0.14285714285714285,0.06593406593406592,0.07142857142857142,24.0,1.2857142857142858
146,SP1,03/12/2023,Sevilla,Villarreal,1,1,0,0,18,5,4,4,3,2,0,0,D,0.0,-0.08333333333333333,0.23076923076923078,12.0,1.4615384615384615,-0.2857142857142857,0.17582417582417587,0.21428571428571427,15.0,1.5
147,SP1,03/12/2023,Barcelona,Ath Madrid,1,0,1,0,13,9,2,4,5,4,0,0,H,0.9285714285714286,-0.0714285714285714,0.07142857142857142,31.0,1.9285714285714286,1.3846153846153846,-0.03205128205128216,0.07692307692307693,31.0,2.3076923076923075
148,SP1,04/12/2023,Celta,Cadiz,1,1,0,1,26,2,7,1,1,6,0,1,D,-0.7142857142857143,0.05494505494505497,0.21428571428571427,8.0,1.0,-0.7142857142857143,0.05494505494505497,0.2857142857142857,11.0,0.7857142857142857
149,SP1,08/12/2023,Getafe,Valencia,1,0,0,0,8,3,6,0,2,4,1,2,H,-0.2,-0.1285714285714286,0.26666666666666666,19.0,1.1333333333333333,-0.2,-0.05714285714285716,0.06666666666666667,19.0,1.1333333333333333
150,SP1,09/12/2023,Alaves,Las Palmas,0,1,0,1,19,9,5,2,3,4,0,0,A,-0.3333333333333333,0.023809523809523836,0.06666666666666667,16.0,0.9333333333333333,0.0,0.14285714285714285,0.06666666666666667,21.0,0.8666666666666667
151,SP1,09/12/2023,Betis,Real Madrid,1,1,0,0,14,12,6,2,2,1,0,0,D,0.13333333333333333,-0.009523809523809518,0.13333333333333333,25.0,1.2,1.6,0.028571428571428692,0.06666666666666667,38.0,2.2
152,SP1,09/12/2023,Villarreal,Sociedad,0,3,0,3,20,16,4,5,2,1,0,0,A,-0.26666666666666666,0.019047619047619035,0.2,16.0,1.4666666666666666,0.5333333333333333,-0.03809523809523807,0.0,26.0,1.7333333333333334
153,SP1,09/12/2023,Mallorca,Sevilla,1,0,1,0,6,19,3,5,2,2,0,0,H,-0.4666666666666667,0.033333333333333326,0.13333333333333333,11.0,0.8666666666666667,0.0,0.0,0.21428571428571427,13.0,1.4285714285714286
154,SP1,10/12/2023,Ath Madrid,Almeria,2,1,2,0,13,19,4,5,1,0,0,0,H,1.2142857142857142,-0.1703296703296704,0.07142857142857142,31.0,2.142857142857143,-1.4,0.10000000000000009,0.06666666666666667,4.0,1.0666666666666667
155,SP1,10/12/2023,Cadiz,Osasuna,1,1,1,0,12,13,5,5,1,2,0,0,D,-0.6666666666666666,0.04761904761904767,0.3333333333333333,12.0,0.8,-0.5333333333333333,0.03809523809523807,0.2,15.0,1.1333333333333333
156,SP1,10/12/2023,Barcelona,Girona,2,4,1,2,31,15,11,7,1,2,0,0,A,0.9333333333333333,0.004761904761904745,0.06666666666666667,34.0,1.8666666666666667,1.0666666666666667,-0.004761904761904745,0.0,38.0,2.2666666666666666
157,SP1,11/12/2023,Granada,Ath Bilbao,1,1,0,1,7,19,4,4,0,2,0,0,D,-1.0666666666666667,-0.06666666666666665,0.13333333333333333,7.0,1.2666666666666666,0.8,0.22857142857142865,0.13333333333333333,28.0,2.0
158,SP1,11/12/2023,Vallecano,Celta,0,0,0,0,17,4,4,2,3,0,0,0,D,-0.4,-0.2571428571428572,0.13333333333333333,19.0,1.0666666666666667,-0.6666666666666666,0.04761904761904767,0.2,9.0,1.0
159,SP1,15/12/2023,Osasuna,Vallecano,1,0,0,0,10,9,4,3,2,3,0,0,H,-0.5,0.033333333333333326,0.1875,16.0,1.125,-0.375,0.025000000000000022,0.125,20.0,1.0
160,SP1,16/12/2023,Celta,Granada,1,0,1,0,11,7,4,2,6,2,1,0,H,-0.625,0.04166666666666663,0.1875,10.0,0.9375,-1.0,0.06666666666666665,0.125,8.0,1.25
161,SP1,16/12/2023,Ath Bilbao,Ath Madrid,2,0,0,0,16,7,7,3,0,1,0,0,H,0.75,-0.050000000000000044,0.125,29.0,1.9375,1.2,-0.014285714285714235,0.06666666666666667,34.0,2.1333333333333333
162,SP1,16/12/2023,Sevilla,Getafe,0,3,0,2,12,14,4,7,3,3,0,0,A,-0.06666666666666667,-0.06666666666666667,0.2,13.0,1.3333333333333333,-0.125,0.07500000000000001,0.3125,22.0,1.125
163,SP1,16/12/2023,Valencia,Barcelona,1,1,0,0,11,16,4,8,1,2,0,0,D,-0.25,-0.04999999999999999,0.1875,19.0,1.0625,0.75,-0.18333333333333335,0.0625,34.0,1.875
164,SP1,17/12/2023,Almeria,Mallorca,0,0,0,0,7,20,1,2,2,1,0,0,D,-1.375,0.02499999999999991,0.0625,4.0,1.0625,-0.375,0.09166666666666667,0.125,14.0,0.875
165,SP1,17/12/2023,Sociedad,Betis,0,0,0,0,12,12,4,3,3,4,0,0,D,0.6875,0.15416666666666667,0.0,29.0,1.8125,0.125,-0.008333333333333331,0.125,26.0,1.1875
166,SP1,17/12/2023,Las Palmas,Cadiz,1,1,1,0,7,13,2,5,1,3,0,0,D,0.0625,0.0625,0.0625,24.0,0.875,-0.625,0.04166666666666663,0.3125,13.0,0.8125
167,SP1,17/12/2023,Real Madrid,Villarreal,4,1,2,0,22,3,9,1,2,3,0,0,H,1.5,-0.10000000000000009,0.0625,39.0,2.125,-0.4375,-0.17083333333333334,0.1875,16.0,1.375
168,SP1,18/12/2023,Girona,Alaves,3,0,2,0,9,12,4,2,0,1,0,0,H,1.125,0.05833333333333335,0.0,41.0,2.375,-0.375,-0.041666666666666685,0.0625,16.0,0.875
169,SP1,19/12/2023,Vallecano,Valencia,0,1,0,0,7,8,1,3,1,5,0,1,A,-0.4117647058823529,-0.03676470588235292,0.11764705882352941,20.0,0.9411764705882353,-0.23529411764705882,0.01470588235294118,0.17647058823529413,20.0,1.0588235294117647
170,SP1,19/12/2023,Ath Madrid,Getafe,3,3,1,0,8,29,4,9,3,3,1,0,D,1.0,-0.19999999999999996,0.0625,34.0,2.0,0.058823529411764705,0.18382352941176472,0.29411764705882354,25.0,1.2352941176470589
171,SP1,19/12/2023,Granada,Sevilla,0,3,0,2,12,12,3,5,2,1,0,0,A,-1.0,0.0,0.11764705882352941,8.0,1.1764705882352942,-0.25,-0.18333333333333335,0.1875,13.0,1.25
172,SP1,20/12/2023,Barcelona,Almeria,3,2,1,1,30,10,11,5,3,3,0,0,H,0.7058823529411765,-0.044117647058823484,0.058823529411764705,35.0,1.8235294117647058,-1.2941176470588236,0.0808823529411764,0.058823529411764705,5.0,1.0
173,SP1,20/12/2023,Ath Bilbao,Las Palmas,1,0,0,0,19,5,10,1,1,3,0,0,H,0.8235294117647058,0.07352941176470584,0.11764705882352941,32.0,1.9411764705882353,0.058823529411764705,-0.003676470588235295,0.058823529411764705,25.0,0.8823529411764706
174,SP1,20/12/2023,Villarreal,Celta,3,2,2,0,12,15,8,5,2,4,0,0,H,-0.5882352941176471,-0.15073529411764708,0.17647058823529413,16.0,1.3529411764705883,-0.5294117647058824,0.09558823529411764,0.23529411764705882,13.0,0.9411764705882353
175,SP1,21/12/2023,Betis,Girona,1,1,0,1,21,12,4,4,2,2,0,0,D,0.11764705882352941,-0.00735294117647059,0.11764705882352941,27.0,1.1176470588235294,1.2352941176470589,0.11029411764705888,0.0,44.0,2.411764705882353
176,SP1,21/12/2023,Cadiz,Sociedad,0,0,0,0,10,8,2,1,3,1,0,0,D,-0.5882352941176471,0.03676470588235292,0.29411764705882354,14.0,0.8235294117647058,0.6470588235294118,-0.0404411764705882,0.0,30.0,1.7058823529411764
177,SP1,21/12/2023,Alaves,Real Madrid,0,1,0,0,8,9,2,4,3,1,0,1,A,-0.5294117647058824,-0.15441176470588236,0.058823529411764705,16.0,0.8235294117647058,1.588235294117647,0.08823529411764697,0.058823529411764705,42.0,2.235294117647059
178,SP1,21/12/2023,Mallorca,Osasuna,3,2,1,1,15,12,8,7,3,1,0,0,H,-0.35294117647058826,0.022058823529411742,0.11764705882352941,15.0,0.8235294117647058,-0.4117647058823529,0.08823529411764708,0.17647058823529413,19.0,1.1176470588235294
179,SP1,23/12/2023,Ath Madrid,Sevilla,1,0,0,0,12,8,4,2,7,3,1,0,H,0.9411764705882353,-0.05882352941176472,0.11764705882352941,35.0,2.0588235294117645,-0.058823529411764705,0.19117647058823528,0.17647058823529413,16.0,1.3529411764705883
180,SP1,02/01/2024,Getafe,Vallecano,0,2,0,1,5,12,0,8,6,3,2,0,A,0.05555555555555555,-0.0032679738562091526,0.2777777777777778,26.0,1.3333333333333333,-0.4444444444444444,-0.0326797385620915,0.1111111111111111,20.0,0.8888888888888888
181,SP1,02/01/2024,Sociedad,Alaves,1,1,0,0,16,7,6,2,4,4,1,0,D,0.6111111111111112,-0.03594771241830064,0.0,31.0,1.6111111111111112,-0.5555555555555556,-0.02614379084967322,0.05555555555555555,16.0,0.7777777777777778
182,SP1,02/01/2024,Valencia,Villarreal,3,1,2,0,11,8,8,4,2,5,0,0,H,-0.16666666666666666,0.06862745098039216,0.2222222222222222,23.0,1.0555555555555556,-0.5,0.08823529411764708,0.16666666666666666,19.0,1.4444444444444444
183,SP1,03/01/2024,Granada,Cadiz,2,0,1,0,15,15,8,2,3,4,0,1,H,-1.1111111111111112,-0.11111111111111116,0.1111111111111111,8.0,1.1111111111111112,-0.5555555555555556,0.0326797385620915,0.2777777777777778,15.0,0.7777777777777778
184,SP1,03/01/2024,Celta,Betis,2,1,1,1,19,14,6,3,0,2,0,0,H,-0.5555555555555556,-0.02614379084967322,0.2222222222222222,13.0,1.0,0.1111111111111111,-0.006535947712418305,0.1111111111111111,28.0,1.1111111111111112
185,SP1,03/01/2024,Real Madrid,Mallorca,1,0,0,0,17,7,5,0,2,3,0,0,H,1.5555555555555556,-0.03267973856209139,0.1111111111111111,45.0,2.1666666666666665,-0.2777777777777778,0.07516339869281047,0.1111111111111111,18.0,0.9444444444444444
186,SP1,03/01/2024,Girona,Ath Madrid,4,3,3,2,17,18,9,12,0,1,0,0,H,1.1666666666666667,-0.06862745098039214,0.0,45.0,2.3333333333333335,0.9444444444444444,0.0032679738562091387,0.16666666666666666,38.0,2.0
187,SP1,04/01/2024,Osasuna,Almeria,1,0,1,0,14,4,2,0,1,2,0,0,H,-0.4444444444444444,-0.0326797385620915,0.16666666666666666,19.0,1.1666666666666667,-1.2777777777777777,0.016339869281045916,0.05555555555555555,5.0,1.0555555555555556
188,SP1,04/01/2024,Sevilla,Ath Bilbao,0,2,0,1,11,15,2,6,3,1,0,0,A,-0.1111111111111111,-0.0522875816993464,0.16666666666666666,16.0,1.2777777777777777,0.8333333333333334,0.009803921568627527,0.1111111111111111,35.0,1.8888888888888888
189,SP1,04/01/2024,Las Palmas,Barcelona,1,2,1,0,12,15,3,5,5,2,1,0,A,0.0,-0.058823529411764705,0.05555555555555555,25.0,0.8333333333333334,0.7222222222222222,0.016339869281045694,0.05555555555555555,38.0,1.8888888888888888
190,SP1,12/01/2024,Sevilla,Alaves,2,3,0,2,19,16,4,8,4,3,0,0,A,-0.21052631578947367,-0.09941520467836257,0.15789473684210525,16.0,1.2105263157894737,-0.5263157894736842,0.0292397660818714,0.05263157894736842,17.0,0.7894736842105263
191,SP1,13/01/2024,Las Palmas,Villarreal,3,0,1,0,8,17,3,3,4,3,0,0,H,-0.05263157894736842,-0.05263157894736842,0.10526315789473684,25.0,0.8421052631578947,-0.5789473684210527,-0.07894736842105265,0.15789473684210525,19.0,1.4210526315789473
192,SP1,13/01/2024,Mallorca,Celta,1,1,1,1,17,6,6,2,4,1,0,0,D,-0.3157894736842105,-0.03801169590643272,0.10526315789473684,18.0,0.8947368421052632,-0.47368421052631576,0.08187134502923982,0.21052631578947367,16.0,1.0526315789473684
193,SP1,13/01/2024,Ath Bilbao,Sociedad,2,1,2,0,10,9,3,1,1,4,0,0,H,0.8947368421052632,0.06140350877192979,0.10526315789473684,38.0,1.894736842105263,0.5789473684210527,-0.032163742690058506,0.05263157894736842,32.0,1.5789473684210527
194,SP1,13/01/2024,Betis,Granada,1,0,0,0,25,6,6,2,3,4,0,0,H,0.05263157894736842,-0.05847953216374269,0.10526315789473684,28.0,1.105263157894737,-0.9473684210526315,0.16374269005847963,0.10526315789473684,11.0,1.1578947368421053
195,SP1,14/01/2024,Almeria,Girona,0,0,0,0,20,5,3,1,4,4,0,1,D,-1.263157894736842,0.014619883040935644,0.05263157894736842,5.0,1.0,1.1578947368421053,-0.00877192982456143,0.0,48.0,2.4210526315789473
196,SP1,14/01/2024,Cadiz,Valencia,1,4,1,1,10,9,2,5,4,2,0,0,A,-0.631578947368421,-0.07602339181286544,0.3157894736842105,15.0,0.7368421052631579,-0.05263157894736842,0.11403508771929824,0.21052631578947367,26.0,1.1578947368421053
197,SP1,19/01/2024,Alaves,Cadiz,1,0,0,0,13,9,3,1,0,4,0,0,H,-0.45,0.07631578947368417,0.05,20.0,0.9,-0.75,-0.11842105263157898,0.3,15.0,0.75
198,SP1,20/01/2024,Vallecano,Las Palmas,0,2,0,1,16,10,3,5,3,1,1,0,A,-0.3157894736842105,0.1286549707602339,0.10526315789473684,23.0,0.9473684210526315,0.1,0.15263157894736842,0.1,28.0,0.95
199,SP1,20/01/2024,Villarreal,Mallorca,1,1,1,0,18,8,5,2,2,2,1,0,D,-0.7,-0.1210526315789473,0.15,19.0,1.35,-0.3,0.01578947368421052,0.1,19.0,0.9
200,SP1,20/01/2024,Valencia,Ath Bilbao,1,0,0,0,6,6,1,3,0,3,0,0,H,0.1,0.15263157894736842,0.2,29.0,1.3,0.9,0.0052631578947368585,0.1,41.0,1.9
201,SP1,20/01/2024,Celta,Sociedad,0,1,0,1,6,6,2,2,1,2,0,0,A,-0.45,0.023684210526315752,0.2,17.0,1.05,0.5,-0.07894736842105265,0.05,32.0,1.55
202,SP1,21/01/2024,Osasuna,Getafe,3,2,2,0,13,10,7,7,4,4,0,0,H,-0.3684210526315789,0.07602339181286549,0.15789473684210525,22.0,1.1578947368421053,-0.05263157894736842,-0.10818713450292397,0.3684210526315789,26.0,1.263157894736842
203,SP1,21/01/2024,Real Madrid,Almeria,3,2,0,2,18,10,6,2,3,5,0,0,H,1.5263157894736843,-0.029239766081871288,0.10526315789473684,48.0,2.1052631578947367,-1.2,0.06315789473684208,0.05,6.0,0.95
204,SP1,21/01/2024,Betis,Barcelona,2,4,0,1,14,11,5,4,1,2,0,0,A,0.1,0.04736842105263159,0.1,31.0,1.1,0.7368421052631579,0.014619883040935644,0.05263157894736842,41.0,1.894736842105263
205,SP1,21/01/2024,Girona,Sevilla,5,1,3,1,12,9,8,3,0,2,0,0,H,1.1,-0.05789473684210522,0.05,49.0,2.3,-0.25,-0.03947368421052633,0.15,16.0,1.25
206,SP1,22/01/2024,Granada,Ath Madrid,0,1,0,0,17,10,2,5,2,2,1,0,A,-0.95,-0.0026315789473684292,0.1,11.0,1.1,0.8421052631578947,-0.10233918128654973,0.15789473684210525,38.0,2.0526315789473686
207,SP1,26/01/2024,Almeria,Alaves,0,3,0,1,19,11,7,3,1,2,0,0,A,-1.1904761904761905,0.00952380952380949,0.047619047619047616,6.0,1.0,-0.38095238095238093,0.06904761904761908,0.047619047619047616,23.0,0.9047619047619048
208,SP1,27/01/2024,Sociedad,Vallecano,0,0,0,0,6,5,3,0,2,4,0,0,D,0.5238095238095238,0.023809523809523836,0.047619047619047616,35.0,1.5238095238095237,-0.4,-0.08421052631578951,0.15,23.0,0.9
209,SP1,27/01/2024,Las Palmas,Real Madrid,1,2,0,0,7,13,2,5,3,3,0,0,A,0.19047619047619047,0.09047619047619046,0.09523809523809523,31.0,1.0,1.5,-0.026315789473684292,0.1,51.0,2.15
210,SP1,27/01/2024,Barcelona,Villarreal,3,5,0,1,22,9,10,6,3,4,0,0,A,0.8,0.06315789473684219,0.05,44.0,2.0,-0.6666666666666666,0.033333333333333326,0.19047619047619047,20.0,1.3333333333333333
211,SP1,27/01/2024,Mallorca,Betis,0,1,0,1,14,8,1,2,2,1,0,0,A,-0.2857142857142857,0.01428571428571429,0.09523809523809523,20.0,0.9047619047619048,0.0,-0.1,0.09523809523809523,31.0,1.1428571428571428
212,SP1,28/01/2024,Celta,Girona,0,1,0,1,10,15,5,6,1,1,0,0,A,-0.47619047619047616,-0.026190476190476153,0.19047619047619047,17.0,1.0,1.2380952380952381,0.13809523809523805,0.047619047619047616,52.0,2.4285714285714284
213,SP1,28/01/2024,Cadiz,Ath Bilbao,0,0,0,0,9,8,2,0,4,2,0,0,D,-0.7619047619047619,-0.011904761904761862,0.2857142857142857,15.0,0.7142857142857143,0.8095238095238095,-0.09047619047619049,0.09523809523809523,41.0,1.8095238095238095
214,SP1,28/01/2024,Sevilla,Osasuna,1,1,1,0,10,11,5,4,3,0,1,0,D,-0.42857142857142855,-0.17857142857142855,0.14285714285714285,16.0,1.2380952380952381,-0.3,0.06842105263157894,0.15,25.0,1.25
215,SP1,28/01/2024,Ath Madrid,Valencia,2,0,1,0,12,10,8,3,2,0,0,0,H,0.85,0.007894736842105288,0.15,41.0,2.0,0.14285714285714285,0.042857142857142844,0.19047619047619047,32.0,1.2857142857142858
216,SP1,29/01/2024,Getafe,Granada,2,0,2,0,7,16,4,3,2,1,0,0,H,-0.1,-0.04736842105263159,0.35,26.0,1.3,-0.9523809523809523,-0.0023809523809523725,0.14285714285714285,11.0,1.0476190476190477
217,SP1,31/01/2024,Barcelona,Osasuna,1,0,0,0,16,9,4,1,1,2,0,1,H,0.6666666666666666,-0.13333333333333341,0.047619047619047616,44.0,2.0476190476190474,-0.2857142857142857,0.01428571428571429,0.14285714285714285,26.0,1.2380952380952381
218,SP1,31/01/2024,Ath Madrid,Vallecano,2,1,1,1,8,10,3,2,0,3,0,0,H,0.9047619047619048,0.05476190476190479,0.14285714285714285,44.0,2.0,-0.38095238095238093,0.01904761904761909,0.14285714285714285,24.0,0.8571428571428571
219,SP1,01/02/2024,Getafe,Real Madrid,0,2,0,1,10,16,2,9,1,2,0,0,A,0.0,0.1,0.3333333333333333,29.0,1.3333333333333333,1.4761904761904763,-0.023809523809523725,0.09523809523809523,54.0,2.142857142857143
220,SP1,02/02/2024,Ath Bilbao,Mallorca,4,0,2,0,13,6,6,2,0,1,0,0,H,0.7727272727272727,-0.03679653679653683,0.09090909090909091,42.0,1.7272727272727273,-0.3181818181818182,-0.03246753246753248,0.09090909090909091,20.0,0.8636363636363636
221,SP1,03/02/2024,Valencia,Almeria,2,1,2,0,7,15,2,5,4,5,0,0,H,0.045454545454545456,-0.0974025974025974,0.18181818181818182,32.0,1.2272727272727273,-1.2727272727272727,-0.08225108225108224,0.045454545454545456,6.0,0.9545454545454546
222,SP1,03/02/2024,Granada,Las Palmas,1,1,1,0,3,16,1,6,4,3,1,1,D,-1.0,-0.04761904761904767,0.13636363636363635,11.0,1.0,0.13636363636363635,-0.05411255411255411,0.09090909090909091,31.0,1.0
223,SP1,03/02/2024,Alaves,Barcelona,1,3,0,1,13,8,2,5,2,2,0,1,A,-0.22727272727272727,0.15367965367965367,0.045454545454545456,26.0,1.0,0.6818181818181818,0.015151515151515138,0.045454545454545456,47.0,2.0
224,SP1,03/02/2024,Girona,Sociedad,0,0,0,0,11,11,3,2,2,3,0,0,D,1.2272727272727273,-0.010822510822510845,0.045454545454545456,55.0,2.3636363636363638,0.5,-0.023809523809523836,0.045454545454545456,36.0,1.4545454545454546
225,SP1,04/02/2024,Villarreal,Cadiz,0,0,0,0,19,8,4,2,3,1,0,0,D,-0.5454545454545454,0.12121212121212122,0.18181818181818182,23.0,1.5,-0.7272727272727273,0.03463203463203457,0.2727272727272727,16.0,0.6818181818181818
226,SP1,04/02/2024,Osasuna,Celta,0,3,0,2,18,6,1,5,2,0,0,0,A,-0.3181818181818182,-0.03246753246753248,0.18181818181818182,26.0,1.1818181818181819,-0.5,-0.023809523809523836,0.18181818181818182,17.0,0.9545454545454546
227,SP1,04/02/2024,Betis,Getafe,1,1,1,1,9,11,3,2,7,4,0,0,D,0.045454545454545456,0.045454545454545456,0.09090909090909091,34.0,1.1363636363636365,-0.09090909090909091,-0.09090909090909091,0.3181818181818182,29.0,1.2727272727272727
228,SP1,04/02/2024,Real Madrid,Ath Madrid,1,1,1,0,17,10,4,5,0,5,0,0,D,1.5,0.023809523809523725,0.09090909090909091,57.0,2.1363636363636362,0.9090909090909091,0.0043290043290042934,0.13636363636363635,47.0,2.0
229,SP1,05/02/2024,Vallecano,Sevilla,1,2,1,2,22,10,5,6,2,2,0,0,A,-0.4090909090909091,-0.028138528138528185,0.13636363636363635,24.0,0.8636363636363636,-0.4090909090909091,0.01948051948051943,0.18181818181818182,17.0,1.2272727272727273
230,SP1,09/02/2024,Cadiz,Betis,0,2,0,1,14,13,5,5,1,1,0,0,A,-0.6956521739130435,0.031620553359683834,0.2608695652173913,17.0,0.6521739130434783,0.043478260869565216,-0.0019762845849802396,0.08695652173913043,35.0,1.1304347826086956
231,SP1,10/02/2024,Alaves,Villarreal,1,1,1,1,17,12,4,4,0,2,0,0,D,-0.30434782608695654,-0.07707509881422928,0.043478260869565216,26.0,1.0,-0.5217391304347826,0.02371541501976282,0.17391304347826086,24.0,1.434782608695652
232,SP1,10/02/2024,Sociedad,Osasuna,0,1,0,0,21,9,3,2,0,0,0,0,A,0.4782608695652174,-0.021739130434782594,0.043478260869565216,37.0,1.391304347826087,-0.43478260869565216,-0.11660079051383399,0.17391304347826086,26.0,1.1304347826086956
233,SP1,10/02/2024,Real Madrid,Girona,4,0,2,0,16,5,6,0,1,2,0,0,H,1.434782608695652,-0.0652173913043479,0.08695652173913043,58.0,2.0869565217391304,1.173913043478261,-0.05335968379446632,0.043478260869565216,56.0,2.260869565217391
234,SP1,10/02/2024,Las Palmas,Valencia,2,0,0,0,8,7,3,1,2,0,0,0,H,0.13043478260869565,-0.005928853754940705,0.13043478260869565,32.0,1.0,0.08695652173913043,0.04150197628458498,0.17391304347826086,35.0,1.2608695652173914
235,SP1,11/02/2024,Getafe,Celta,3,2,2,0,11,9,4,4,1,2,0,0,H,-0.08695652173913043,0.003952569169960479,0.30434782608695654,30.0,1.2608695652173914,-0.34782608695652173,0.15217391304347827,0.17391304347826086,20.0,1.0434782608695652
236,SP1,11/02/2024,Mallorca,Vallecano,2,1,0,0,8,11,5,4,4,0,0,0,H,-0.4782608695652174,-0.16007905138339923,0.08695652173913043,20.0,0.8260869565217391,-0.43478260869565216,-0.025691699604743046,0.13043478260869565,24.0,0.8695652173913043
237,SP1,11/02/2024,Sevilla,Ath Madrid,1,0,1,0,10,16,6,5,2,1,0,0,H,-0.34782608695652173,0.06126482213438739,0.17391304347826086,20.0,1.2608695652173914,0.8695652173913043,-0.03952569169960474,0.13043478260869565,48.0,1.9565217391304348
238,SP1,11/02/2024,Barcelona,Granada,3,3,1,1,11,11,6,5,1,2,0,0,D,0.7391304347826086,0.05731225296442688,0.08695652173913043,50.0,2.0434782608695654,-0.9565217391304348,0.04347826086956519,0.17391304347826086,12.0,1.0
239,SP1,12/02/2024,Almeria,Ath Bilbao,0,0,0,0,10,12,4,4,4,1,1,0,D,-1.2608695652173914,0.011857707509881354,0.043478260869565216,6.0,0.9565217391304348,0.9130434782608695,0.1403162055335968,0.08695652173913043,45.0,1.826086956521739
240,SP1,16/02/2024,Villarreal,Getafe,1,1,0,1,20,11,7,2,0,1,0,0,D,-0.5,0.021739130434782594,0.16666666666666666,25.0,1.4166666666666667,-0.041666666666666664,0.04528985507246377,0.2916666666666667,33.0,1.3333333333333333
241,SP1,17/02/2024,Ath Madrid,Las Palmas,5,0,2,0,13,11,7,2,2,2,0,0,H,0.7916666666666666,-0.0778985507246377,0.125,48.0,1.875,0.20833333333333334,0.0778985507246377,0.125,35.0,1.0416666666666667
242,SP1,17/02/2024,Osasuna,Cadiz,2,0,0,0,11,5,4,1,4,2,0,0,H,-0.375,0.05978260869565216,0.16666666666666666,29.0,1.125,-0.75,-0.05434782608695654,0.25,17.0,0.625
243,SP1,17/02/2024,Celta,Barcelona,1,2,0,1,13,14,4,4,2,4,0,0,A,-0.375,-0.02717391304347827,0.16666666666666666,20.0,1.0833333333333333,0.7083333333333334,-0.030797101449275277,0.08333333333333333,51.0,2.0833333333333335
244,SP1,17/02/2024,Valencia,Sevilla,0,0,0,0,14,1,4,1,0,1,0,0,D,0.0,-0.08695652173913043,0.16666666666666666,35.0,1.2083333333333333,-0.2916666666666667,0.056159420289855044,0.16666666666666666,23.0,1.25
245,SP1,18/02/2024,Vallecano,Real Madrid,1,1,1,1,8,11,3,4,4,3,0,1,D,-0.4583333333333333,-0.023550724637681153,0.125,24.0,0.875,1.5416666666666667,0.10688405797101463,0.08333333333333333,61.0,2.1666666666666665
246,SP1,18/02/2024,Granada,Almeria,1,1,0,1,19,13,7,3,2,3,0,0,D,-0.9166666666666666,0.03985507246376818,0.16666666666666666,13.0,1.0833333333333333,-1.2083333333333333,0.05253623188405809,0.08333333333333333,7.0,0.9166666666666666
247,SP1,18/02/2024,Mallorca,Sociedad,1,2,1,1,4,19,1,5,7,5,1,0,A,-0.4166666666666667,0.06159420289855072,0.08333333333333333,23.0,0.875,0.4166666666666667,-0.06159420289855072,0.041666666666666664,37.0,1.3333333333333333
248,SP1,18/02/2024,Betis,Alaves,0,0,0,0,13,13,2,4,5,2,0,0,D,0.125,0.08152173913043478,0.08333333333333333,38.0,1.1666666666666667,-0.2916666666666667,0.012681159420289856,0.041666666666666664,27.0,1.0
249,SP1,19/02/2024,Ath Bilbao,Girona,3,2,1,0,14,12,7,6,1,2,0,0,H,0.875,-0.03804347826086951,0.08333333333333333,46.0,1.75,0.9583333333333334,-0.2155797101449276,0.041666666666666664,56.0,2.1666666666666665
250,SP1,23/02/2024,Sociedad,Villarreal,1,3,0,1,21,6,8,4,3,4,0,0,A,0.44,0.023333333333333317,0.04,40.0,1.36,-0.48,0.020000000000000018,0.16,26.0,1.4
251,SP1,24/02/2024,Barcelona,Getafe,4,0,1,0,17,10,9,4,1,4,0,0,H,0.72,0.011666666666666603,0.08,54.0,2.08,-0.04,0.0016666666666666635,0.28,34.0,1.32
252,SP1,24/02/2024,Alaves,Mallorca,1,1,0,0,9,15,1,8,0,2,0,0,D,-0.28,0.011666666666666659,0.04,28.0,0.96,-0.44,-0.023333333333333317,0.12,23.0,0.88
253,SP1,24/02/2024,Almeria,Ath Madrid,2,2,1,1,9,18,4,9,1,1,0,0,D,-1.16,0.04833333333333334,0.08,8.0,0.92,0.96,0.16833333333333333,0.12,51.0,2.0
254,SP1,25/02/2024,Cadiz,Celta,2,2,0,1,19,7,6,3,2,3,0,0,D,-0.8,-0.050000000000000044,0.24,17.0,0.6,-0.4,-0.025000000000000022,0.16,20.0,1.08
255,SP1,25/02/2024,Betis,Ath Bilbao,3,1,2,1,13,3,5,1,1,6,0,1,H,0.12,-0.0050000000000000044,0.08,39.0,1.12,0.88,0.0050000000000000044,0.08,49.0,1.8
256,SP1,25/02/2024,Las Palmas,Osasuna,1,1,0,0,9,6,3,2,2,1,0,0,D,0.0,-0.20833333333333334,0.12,35.0,1.0,-0.28,0.09499999999999997,0.16,32.0,1.16
257,SP1,25/02/2024,Real Madrid,Sevilla,1,0,0,0,16,4,6,1,1,3,0,0,H,1.48,-0.06166666666666676,0.12,62.0,2.12,-0.28,0.011666666666666659,0.16,24.0,1.2
258,SP1,26/02/2024,Girona,Vallecano,3,0,0,0,14,7,8,1,3,5,0,1,H,0.88,-0.07833333333333337,0.04,56.0,2.16,-0.44,0.018333333333333313,0.12,25.0,0.88
259,SP1,01/03/2024,Celta,Almeria,1,0,0,0,15,3,6,0,1,2,0,1,H,-0.38461538461538464,0.015384615384615385,0.15384615384615385,21.0,1.1153846153846154,-1.1153846153846154,0.0446153846153845,0.07692307692307693,9.0,0.9615384615384616
260,SP1,02/03/2024,Sevilla,Sociedad,3,2,2,1,12,13,5,4,1,2,0,0,H,-0.3076923076923077,-0.027692307692307683,0.15384615384615385,24.0,1.1538461538461537,0.34615384615384615,-0.09384615384615386,0.038461538461538464,40.0,1.3461538461538463
261,SP1,02/03/2024,Vallecano,Cadiz,1,1,0,0,9,16,5,5,1,1,0,0,D,-0.5384615384615384,-0.09846153846153843,0.15384615384615385,25.0,0.8461538461538461,-0.7692307692307693,0.03076923076923077,0.23076923076923078,18.0,0.6538461538461539
262,SP1,02/03/2024,Getafe,Las Palmas,3,3,3,1,16,14,5,5,4,1,0,0,D,-0.19230769230769232,-0.1523076923076923,0.2692307692307692,34.0,1.2692307692307692,0.0,0.0,0.11538461538461539,36.0,1.0
263,SP1,02/03/2024,Valencia,Real Madrid,2,2,2,1,12,10,5,5,2,3,0,1,D,0.0,0.0,0.16,36.0,1.16,1.4615384615384615,-0.01846153846153853,0.11538461538461539,65.0,2.076923076923077
264,SP1,03/03/2024,Villarreal,Granada,5,1,3,0,16,9,10,3,1,2,0,0,H,-0.38461538461538464,0.09538461538461535,0.15384615384615385,29.0,1.4615384615384615,-0.88,0.036666666666666625,0.16,14.0,1.08
265,SP1,03/03/2024,Ath Madrid,Betis,2,1,2,0,17,12,12,6,1,2,0,0,H,0.9230769230769231,-0.036923076923076836,0.11538461538461539,52.0,2.0,0.19230769230769232,0.07230769230769232,0.07692307692307693,42.0,1.1923076923076923
266,SP1,03/03/2024,Mallorca,Girona,1,0,1,0,16,15,2,4,5,0,0,0,H,-0.4230769230769231,0.01692307692307693,0.11538461538461539,24.0,0.8846153846153846,0.9615384615384616,0.08153846153846156,0.038461538461538464,59.0,2.1923076923076925
267,SP1,03/03/2024,Ath Bilbao,Barcelona,0,0,0,0,8,8,2,2,3,3,0,0,D,0.7692307692307693,-0.11076923076923073,0.11538461538461539,49.0,1.7692307692307692,0.8461538461538461,0.12615384615384617,0.07692307692307693,57.0,2.1538461538461537
268,SP1,04/03/2024,Osasuna,Alaves,1,0,0,0,15,10,4,4,2,1,0,0,H,-0.2692307692307692,0.010769230769230809,0.15384615384615385,33.0,1.1538461538461537,-0.2692307692307692,0.010769230769230809,0.038461538461538464,29.0,0.9615384615384616
269,SP1,08/03/2024,Barcelona,Mallorca,1,0,0,0,20,9,6,3,1,1,0,0,H,0.8148148148148148,-0.031339031339031376,0.07407407407407407,58.0,2.074074074074074,-0.37037037037037035,0.05270655270655272,0.1111111111111111,27.0,0.8888888888888888
270,SP1,09/03/2024,Valencia,Getafe,1,0,1,0,10,15,3,5,2,3,0,0,H,0.0,0.0,0.15384615384615385,37.0,1.1923076923076923,-0.18518518518518517,0.0071225071225071435,0.25925925925925924,35.0,1.3333333333333333
271,SP1,09/03/2024,Cadiz,Ath Madrid,2,0,1,0,7,8,3,4,4,5,0,0,H,-0.7407407407407407,0.028490028490028574,0.2222222222222222,19.0,0.6666666666666666,0.9259259259259259,0.002849002849002802,0.1111111111111111,55.0,2.0
272,SP1,09/03/2024,Granada,Sociedad,2,3,2,1,13,11,6,8,1,2,0,0,A,-1.0,-0.12,0.15384615384615385,14.0,1.0769230769230769,0.2962962962962963,-0.049857549857549865,0.037037037037037035,40.0,1.3703703703703705
273,SP1,09/03/2024,Girona,Osasuna,2,0,1,0,11,7,6,1,3,3,0,0,H,0.8888888888888888,-0.07264957264957272,0.037037037037037035,59.0,2.111111111111111,-0.2222222222222222,0.04700854700854701,0.14814814814814814,36.0,1.1481481481481481
274,SP1,10/03/2024,Alaves,Vallecano,1,0,1,0,12,9,4,3,2,2,0,0,H,-0.2962962962962963,-0.027065527065527062,0.037037037037037035,29.0,0.9259259259259259,-0.5185185185185185,0.019943019943019946,0.14814814814814814,26.0,0.8518518518518519
275,SP1,10/03/2024,Las Palmas,Ath Bilbao,0,2,0,1,14,7,2,2,3,3,0,0,A,0.0,0.0,0.1111111111111111,37.0,1.0740740740740742,0.7407407407407407,-0.028490028490028574,0.1111111111111111,50.0,1.7037037037037037
276,SP1,10/03/2024,Real Madrid,Celta,4,0,1,0,24,11,13,1,2,3,0,0,H,1.4074074074074074,-0.05413105413105401,0.14814814814814814,66.0,2.074074074074074,-0.3333333333333333,0.05128205128205132,0.14814814814814814,24.0,1.1111111111111112
277,SP1,10/03/2024,Betis,Villarreal,2,3,2,1,13,6,4,4,3,4,1,1,A,0.14814814814814814,-0.04415954415954418,0.07407407407407407,42.0,1.1851851851851851,-0.2222222222222222,0.16239316239316243,0.14814814814814814,32.0,1.5925925925925926
278,SP1,11/03/2024,Almeria,Sevilla,2,2,1,0,14,19,4,6,2,2,0,0,D,-1.1111111111111112,0.004273504273504258,0.1111111111111111,9.0,0.9259259259259259,-0.25925925925925924,0.048433048433048465,0.14814814814814814,27.0,1.2222222222222223
279,SP1,15/03/2024,Sociedad,Cadiz,2,0,1,0,14,13,6,2,3,1,0,0,H,0.32142857142857145,0.025132275132275173,0.03571428571428571,43.0,1.4285714285714286,-0.6428571428571429,0.0978835978835978,0.21428571428571427,22.0,0.7142857142857143
280,SP1,16/03/2024,Mallorca,Granada,1,0,0,0,18,8,8,3,2,0,0,0,H,-0.39285714285714285,-0.0224867724867725,0.10714285714285714,27.0,0.8571428571428571,-1.0,0.0,0.14814814814814814,14.0,1.1111111111111112
281,SP1,16/03/2024,Osasuna,Real Madrid,2,4,1,2,9,17,4,9,3,2,0,0,A,-0.2857142857142857,-0.06349206349206349,0.14285714285714285,36.0,1.1071428571428572,1.5,0.09259259259259256,0.14285714285714285,69.0,2.142857142857143
282,SP1,16/03/2024,Getafe,Girona,1,0,1,0,11,13,3,3,4,4,0,0,H,-0.21428571428571427,-0.0291005291005291,0.25,35.0,1.2857142857142858,0.9285714285714286,0.039682539682539764,0.03571428571428571,62.0,2.107142857142857
283,SP1,16/03/2024,Ath Bilbao,Alaves,2,0,2,0,16,7,4,3,1,3,0,0,H,0.7857142857142857,0.044973544973545,0.10714285714285714,53.0,1.7142857142857142,-0.25,0.04629629629629628,0.03571428571428571,32.0,0.9285714285714286
284,SP1,17/03/2024,Sevilla,Celta,1,2,1,0,11,18,4,5,4,0,0,0,A,-0.25,0.009259259259259245,0.14285714285714285,28.0,1.25,-0.4642857142857143,-0.130952380952381,0.14285714285714285,24.0,1.0714285714285714
285,SP1,17/03/2024,Las Palmas,Almeria,0,1,0,1,21,3,6,2,2,2,0,0,A,-0.07142857142857142,-0.07142857142857142,0.10714285714285714,37.0,1.0357142857142858,-1.0714285714285714,0.039682539682539764,0.10714285714285714,10.0,0.9642857142857143
286,SP1,17/03/2024,Villarreal,Valencia,1,0,0,0,13,14,7,7,5,1,0,0,H,-0.17857142857142858,0.043650793650793634,0.17857142857142858,35.0,1.6428571428571428,0.037037037037037035,0.037037037037037035,0.14814814814814814,40.0,1.1851851851851851
287,SP1,17/03/2024,Vallecano,Betis,2,0,1,0,8,11,4,1,4,4,0,0,H,-0.5357142857142857,-0.01719576719576721,0.14285714285714285,26.0,0.8214285714285714,0.10714285714285714,-0.041005291005291,0.10714285714285714,42.0,1.2142857142857142
288,SP1,17/03/2024,Ath Madrid,Barcelona,0,3,0,1,12,9,3,5,3,1,1,0,A,0.8214285714285714,-0.10449735449735453,0.10714285714285714,55.0,1.9285714285714286,0.8214285714285714,0.006613756613756627,0.07142857142857142,61.0,2.0357142857142856
