,GAME_DATE_EST,GAME_ID,GAME_STATUS_TEXT,HOME_TEAM_ID,VISITOR_TEAM_ID,SEASON,TEAM_ID_home,PTS_home,FG_PCT_home,FT_PCT_home,FG3_PCT_home,AST_home,REB_home,TEAM_ID_away,PTS_away,FG_PCT_away,FT_PCT_away,FG3_PCT_away,AST_away,REB_away,HOME_TEAM_WINS
0,2022-12-22,22200477,Final,1610612740,1610612759,2022,1610612740,126.0,0.484,0.926,0.382,25.0,46.0,1610612759,117.0,0.478,0.815,0.321,23.0,44.0,1
1,2022-12-22,22200478,Final,1610612762,1610612764,2022,1610612762,120.0,0.488,0.952,0.457,16.0,40.0,1610612764,112.0,0.561,0.765,0.333,20.0,37.0,1
2,2022-12-21,22200466,Final,1610612739,1610612749,2022,1610612739,114.0,0.482,0.786,0.313,22.0,37.0,1610612749,106.0,0.47,0.682,0.433,20.0,46.0,1
3,2022-12-21,22200467,Final,1610612755,1610612765,2022,1610612755,113.0,0.441,0.909,0.297,27.0,49.0,1610612765,93.0,0.392,0.735,0.261,15.0,46.0,1
4,2022-12-21,22200468,Final,1610612737,1610612741,2022,1610612737,108.0,0.429,1.0,0.378,22.0,47.0,1610612741,110.0,0.5,0.773,0.292,20.0,47.0,0
5,2022-12-21,22200469,Final,1610612738,1610612754,2022,1610612738,112.0,0.386,0.84,0.317,26.0,62.0,1610612754,117.0,0.469,0.778,0.462,27.0,47.0,0
6,2022-12-21,22200470,Final,1610612751,1610612744,2022,1610612751,143.0,0.643,0.875,0.636,42.0,32.0,1610612744,113.0,0.494,0.76,0.364,32.0,36.0,1
7,2022-12-21,22200471,Final,1610612752,1610612761,2022,1610612752,106.0,0.553,0.611,0.423,25.0,38.0,1610612761,113.0,0.447,0.909,0.265,17.0,38.0,0
8,2022-12-21,22200472,Final,1610612745,1610612753,2022,1610612745,110.0,0.466,0.647,0.395,22.0,49.0,1610612753,116.0,0.451,0.697,0.297,19.0,45.0,0
9,2022-12-21,22200473,Final,1610612750,1610612742,2022,1610612750,99.0,0.494,0.7,0.267,23.0,39.0,1610612742,104.0,0.453,0.852,0.333,17.0,39.0,0
10,2022-12-21,22200474,Final,1610612760,1610612757,2022,1610612760,101.0,0.468,0.84,0.333,19.0,37.0,1610612757,98.0,0.494,0.667,0.389,29.0,36.0,1
11,2022-12-21,22200475,Final,1610612758,1610612747,2022,1610612758,134.0,0.505,0.75,0.362,29.0,46.0,1610612747,120.0,0.5,0.833,0.458,25.0,39.0,1
12,2022-12-21,22200476,Final,1610612746,1610612766,2022,1610612746,126.0,0.506,0.913,0.469,29.0,48.0,1610612766,105.0,0.402,0.759,0.29,25.0,40.0,1
13,2022-12-20,22200461,Final,1610612765,1610612762,2022,1610612765,111.0,0.506,0.741,0.36,22.0,43.0,1610612762,126.0,0.505,0.632,0.435,27.0,43.0,0
14,2022-12-20,22200462,Final,1610612748,1610612741,2022,1610612748,103.0,0.469,0.706,0.341,26.0,35.0,1610612741,113.0,0.548,0.833,0.419,24.0,39.0,0
15,2022-12-20,22200463,Final,1610612752,1610612744,2022,1610612752,132.0,0.517,0.781,0.425,27.0,47.0,1610612744,94.0,0.473,0.923,0.343,23.0,29.0,1
16,2022-12-20,22200464,Final,1610612756,1610612764,2022,1610612756,110.0,0.461,0.789,0.406,26.0,44.0,1610612764,113.0,0.475,0.703,0.407,22.0,41.0,0
17,2022-12-20,22200465,Final,1610612743,1610612763,2022,1610612743,105.0,0.449,0.6,0.37,28.0,48.0,1610612763,91.0,0.444,0.667,0.192,25.0,42.0,1
18,2022-12-19,22200452,Final,1610612739,1610612762,2022,1610612739,122.0,0.614,0.808,0.577,24.0,45.0,1610612762,99.0,0.387,0.739,0.294,19.0,35.0,1
19,2022-12-19,22200453,Final,1610612755,1610612761,2022,1610612755,104.0,0.4,0.926,0.357,22.0,41.0,1610612761,101.0,0.42,0.8,0.275,24.0,50.0,1
20,2022-12-19,22200454,Final,1610612737,1610612753,2022,1610612737,126.0,0.511,0.9,0.375,29.0,41.0,1610612753,125.0,0.474,0.92,0.353,29.0,45.0,1
21,2022-12-19,22200455,Final,1610612745,1610612759,2022,1610612745,105.0,0.426,0.645,0.208,23.0,41.0,1610612759,124.0,0.554,0.789,0.5,30.0,46.0,0
22,2022-12-19,22200456,Final,1610612750,1610612742,2022,1610612750,116.0,0.472,0.833,0.387,19.0,44.0,1610612742,106.0,0.408,0.806,0.422,23.0,42.0,1
23,2022-12-19,22200457,Final,1610612740,1610612749,2022,1610612740,119.0,0.424,0.708,0.4,30.0,44.0,1610612749,128.0,0.556,0.806,0.325,26.0,44.0,0
24,2022-12-19,22200458,Final,1610612760,1610612757,2022,1610612760,123.0,0.455,0.865,0.355,20.0,39.0,1610612757,121.0,0.5,0.81,0.432,26.0,45.0,1
25,2022-12-19,22200459,Final,1610612756,1610612747,2022,1610612756,130.0,0.495,0.75,0.513,21.0,51.0,1610612747,104.0,0.448,0.824,0.429,13.0,38.0,1
26,2022-12-19,22200460,Final,1610612758,1610612766,2022,1610612758,119.0,0.474,0.548,0.364,23.0,42.0,1610612766,125.0,0.516,0.739,0.323,26.0,56.0,0
27,2022-12-18,22200445,Final,1610612738,1610612753,2022,1610612738,92.0,0.348,0.857,0.255,22.0,54.0,1610612753,95.0,0.384,0.895,0.414,20.0,46.0,0
28,2022-12-18,22200446,Final,1610612754,1610612752,2022,1610612754,106.0,0.433,0.652,0.342,20.0,44.0,1610612752,109.0,0.47,0.767,0.308,13.0,49.0,0
29,2022-12-18,22200447,Final,1610612765,1610612751,2022,1610612765,121.0,0.477,0.853,0.267,20.0,41.0,1610612751,124.0,0.55,0.913,0.517,26.0,35.0,0
30,2022-12-18,22200448,Final,1610612761,1610612744,2022,1610612761,110.0,0.421,0.773,0.394,21.0,43.0,1610612744,126.0,0.531,0.846,0.462,31.0,41.0,0
31,2022-12-18,22200449,Final,1610612750,1610612741,2022,1610612750,150.0,0.655,0.813,0.535,38.0,39.0,1610612741,126.0,0.523,0.75,0.421,31.0,30.0,1
32,2022-12-18,22200450,Final,1610612743,1610612766,2022,1610612743,119.0,0.457,0.647,0.333,33.0,55.0,1610612766,115.0,0.427,0.913,0.316,26.0,48.0,1
33,2022-12-18,22200451,Final,1610612747,1610612764,2022,1610612747,119.0,0.5,0.727,0.407,29.0,43.0,1610612764,117.0,0.463,0.792,0.256,24.0,48.0,1
34,2022-12-17,22200438,Final,1610612746,1610612764,2022,1610612746,102.0,0.43,0.615,0.414,19.0,49.0,1610612764,93.0,0.429,0.923,0.36,20.0,42.0,1
35,2022-12-17,22200439,Final,1610612759,1610612748,2022,1610612759,101.0,0.429,0.758,0.37,29.0,38.0,1610612748,111.0,0.512,0.696,0.367,25.0,40.0,0
36,2022-12-17,22200440,Final,1610612739,1610612742,2022,1610612739,100.0,0.426,0.591,0.194,23.0,51.0,1610612742,99.0,0.409,0.632,0.306,19.0,45.0,1
37,2022-12-17,22200441,Final,1610612745,1610612757,2022,1610612745,95.0,0.4,0.69,0.103,19.0,51.0,1610612757,107.0,0.471,0.737,0.361,20.0,36.0,0
38,2022-12-17,22200442,Final,1610612749,1610612762,2022,1610612749,123.0,0.533,0.818,0.474,30.0,54.0,1610612762,97.0,0.453,0.5,0.34,24.0,29.0,1
39,2022-12-17,22200443,Final,1610612760,1610612763,2022,1610612760,115.0,0.413,0.645,0.422,29.0,53.0,1610612763,109.0,0.378,0.784,0.267,15.0,53.0,1
40,2022-12-17,22200444,Final,1610612756,1610612740,2022,1610612756,118.0,0.47,0.714,0.366,23.0,35.0,1610612740,114.0,0.584,0.769,0.467,27.0,36.0,1
41,2022-12-16,22200428,Final,1610612766,1610612737,2022,1610612766,106.0,0.398,0.684,0.349,26.0,43.0,1610612737,125.0,0.547,0.824,0.517,25.0,41.0,0
42,2022-12-16,22200429,Final,1610612765,1610612758,2022,1610612765,113.0,0.459,0.806,0.345,22.0,46.0,1610612758,122.0,0.524,0.828,0.387,30.0,33.0,0
43,2022-12-16,22200430,Final,1610612738,1610612753,2022,1610612738,109.0,0.417,0.824,0.239,17.0,38.0,1610612753,117.0,0.462,0.857,0.273,19.0,53.0,0
44,2022-12-16,22200431,Final,1610612739,1610612754,2022,1610612739,118.0,0.5,0.875,0.452,23.0,34.0,1610612754,112.0,0.525,0.895,0.306,34.0,33.0,1
45,2022-12-16,22200432,Final,1610612755,1610612744,2022,1610612755,118.0,0.459,0.806,0.395,23.0,49.0,1610612744,106.0,0.415,0.846,0.395,31.0,48.0,1
46,2022-12-16,22200433,Final,1610612761,1610612751,2022,1610612761,116.0,0.488,0.862,0.375,17.0,32.0,1610612751,119.0,0.605,0.783,0.346,22.0,37.0,0
47,2022-12-16,22200434,Final,1610612741,1610612752,2022,1610612741,91.0,0.468,0.875,0.4,26.0,39.0,1610612752,114.0,0.402,0.719,0.386,19.0,50.0,0
48,2022-12-16,22200435,Final,1610612760,1610612750,2022,1610612760,110.0,0.466,0.81,0.297,29.0,45.0,1610612750,112.0,0.494,0.56,0.48,23.0,43.0,0
49,2022-12-16,22200436,Final,1610612742,1610612757,2022,1610612742,130.0,0.556,0.846,0.419,25.0,40.0,1610612757,110.0,0.438,0.76,0.351,21.0,42.0,1
50,2022-12-16,22200437,Final,1610612747,1610612743,2022,1610612747,126.0,0.527,0.75,0.364,29.0,45.0,1610612743,108.0,0.481,0.75,0.333,25.0,39.0,1
51,2022-12-15,22200424,Final,1610612745,1610612748,2022,1610612745,108.0,0.468,0.647,0.273,22.0,51.0,1610612748,111.0,0.443,0.739,0.34,21.0,40.0,0
52,2022-12-15,22200425,Final,1610612763,1610612749,2022,1610612763,142.0,0.549,0.783,0.375,30.0,56.0,1610612749,101.0,0.372,0.667,0.26,22.0,39.0,1
53,2022-12-15,22200426,Final,1610612762,1610612740,2022,1610612762,132.0,0.457,0.811,0.383,24.0,44.0,1610612740,129.0,0.475,0.821,0.4,24.0,49.0,1
54,2022-12-15,22200427,Final,1610612746,1610612756,2022,1610612746,95.0,0.378,0.714,0.364,21.0,52.0,1610612756,111.0,0.463,0.778,0.281,27.0,53.0,0
55,2022-12-14,22200414,Final,1610612766,1610612765,2022,1610612766,134.0,0.412,0.793,0.333,21.0,52.0,1610612765,141.0,0.516,0.75,0.45,25.0,52.0,0
56,2022-12-14,22200415,Final,1610612754,1610612744,2022,1610612754,125.0,0.506,0.84,0.41,30.0,34.0,1610612744,119.0,0.465,0.862,0.424,27.0,46.0,1
57,2022-12-14,22200416,Final,1610612753,1610612737,2022,1610612753,135.0,0.505,0.833,0.444,28.0,46.0,1610612737,124.0,0.5,0.889,0.343,30.0,39.0,1
58,2022-12-14,22200417,Final,1610612761,1610612758,2022,1610612761,123.0,0.5,0.852,0.286,25.0,39.0,1610612758,124.0,0.484,0.85,0.37,29.0,50.0,0
59,2022-12-14,22200418,Final,1610612741,1610612752,2022,1610612741,120.0,0.548,0.864,0.321,25.0,31.0,1610612752,128.0,0.495,0.8,0.529,25.0,48.0,0
60,2022-12-14,22200419,Final,1610612760,1610612748,2022,1610612760,108.0,0.5,0.739,0.375,26.0,44.0,1610612748,110.0,0.43,0.8,0.429,25.0,39.0,0
61,2022-12-14,22200420,Final,1610612759,1610612757,2022,1610612759,112.0,0.464,0.579,0.379,23.0,40.0,1610612757,128.0,0.605,0.706,0.45,26.0,40.0,0
62,2022-12-14,22200421,Final,1610612742,1610612739,2022,1610612742,90.0,0.392,0.731,0.342,17.0,33.0,1610612739,105.0,0.526,0.789,0.333,26.0,43.0,0
63,2022-12-14,22200422,Final,1610612743,1610612764,2022,1610612743,141.0,0.651,0.829,0.25,31.0,45.0,1610612764,128.0,0.527,0.565,0.487,40.0,24.0,1
64,2022-12-14,22200423,Final,1610612746,1610612750,2022,1610612746,99.0,0.382,0.81,0.304,21.0,52.0,1610612750,88.0,0.419,0.733,0.182,15.0,43.0,1
65,2022-12-13,22200409,Final,1610612755,1610612758,2022,1610612755,123.0,0.512,0.778,0.457,34.0,42.0,1610612758,103.0,0.413,0.85,0.238,21.0,48.0,1
66,2022-12-13,22200410,Final,1610612749,1610612744,2022,1610612749,128.0,0.549,0.813,0.414,22.0,55.0,1610612744,111.0,0.4,0.789,0.4,25.0,37.0,1
67,2022-12-13,22200411,Final,1610612745,1610612756,2022,1610612745,111.0,0.42,0.912,0.343,16.0,67.0,1610612756,97.0,0.32,0.947,0.255,22.0,44.0,1
68,2022-12-13,22200412,Final,1610612762,1610612740,2022,1610612762,121.0,0.476,0.667,0.319,31.0,59.0,1610612740,100.0,0.398,0.667,0.148,25.0,43.0,1
69,2022-12-13,22200413,Final,1610612747,1610612738,2022,1610612747,118.0,0.473,0.733,0.276,23.0,49.0,1610612738,122.0,0.442,0.688,0.396,27.0,51.0,0
70,2022-12-12,22200402,Final,1610612754,1610612748,2022,1610612754,82.0,0.354,0.75,0.282,16.0,45.0,1610612748,87.0,0.386,0.778,0.265,23.0,48.0,0
71,2022-12-12,22200403,Final,1610612764,1610612751,2022,1610612764,100.0,0.468,0.682,0.355,21.0,44.0,1610612751,112.0,0.494,0.889,0.296,25.0,41.0,0
72,2022-12-12,22200404,Final,1610612763,1610612737,2022,1610612763,128.0,0.602,0.833,0.406,36.0,49.0,1610612737,103.0,0.356,0.773,0.324,20.0,39.0,1
73,2022-12-12,22200405,Final,1610612742,1610612760,2022,1610612742,121.0,0.419,0.84,0.407,24.0,50.0,1610612760,114.0,0.477,0.952,0.323,21.0,42.0,1
74,2022-12-12,22200406,Final,1610612759,1610612739,2022,1610612759,112.0,0.474,0.688,0.333,25.0,46.0,1610612739,111.0,0.489,0.941,0.217,21.0,44.0,1
75,2022-12-12,22200407,Final,1610612757,1610612750,2022,1610612757,133.0,0.539,0.762,0.457,32.0,54.0,1610612750,112.0,0.495,0.526,0.37,25.0,37.0,1
76,2022-12-12,22200408,Final,1610612746,1610612738,2022,1610612746,113.0,0.489,0.714,0.4,18.0,46.0,1610612738,93.0,0.434,0.692,0.231,27.0,36.0,1
77,2022-12-11,22200395,Final,1610612740,1610612756,2022,1610612740,129.0,0.581,0.75,0.32,31.0,43.0,1610612756,124.0,0.467,0.765,0.342,34.0,42.0,1
78,2022-12-11,22200396,Final,1610612765,1610612747,2022,1610612765,117.0,0.462,0.824,0.378,28.0,40.0,1610612747,124.0,0.548,0.778,0.423,31.0,42.0,0
79,2022-12-11,22200397,Final,1610612752,1610612758,2022,1610612752,112.0,0.449,0.889,0.229,19.0,55.0,1610612758,99.0,0.398,0.657,0.256,20.0,41.0,1
80,2022-12-11,22200398,Final,1610612753,1610612761,2022,1610612753,111.0,0.468,0.806,0.452,25.0,42.0,1610612761,99.0,0.4,0.868,0.24,18.0,28.0,1
81,2022-12-11,22200399,Final,1610612755,1610612766,2022,1610612755,131.0,0.554,0.813,0.481,31.0,41.0,1610612766,113.0,0.409,0.867,0.367,21.0,45.0,1
82,2022-12-11,22200400,Final,1610612737,1610612741,2022,1610612737,123.0,0.48,0.762,0.333,28.0,45.0,1610612741,122.0,0.48,0.826,0.259,28.0,53.0,1
83,2022-12-11,22200401,Final,1610612745,1610612749,2022,1610612745,97.0,0.44,0.917,0.222,23.0,49.0,1610612749,92.0,0.367,0.778,0.279,18.0,52.0,1
84,2022-12-10,22200387,Final,1610612748,1610612759,2022,1610612748,111.0,0.481,0.714,0.382,26.0,32.0,1610612759,115.0,0.538,0.774,0.333,24.0,46.0,0
85,2022-12-10,22200388,Final,1610612754,1610612751,2022,1610612754,133.0,0.553,0.75,0.477,30.0,30.0,1610612751,136.0,0.52,0.719,0.321,19.0,59.0,0
86,2022-12-10,22200389,Final,1610612764,1610612746,2022,1610612764,107.0,0.435,0.895,0.471,24.0,50.0,1610612746,114.0,0.426,0.938,0.396,22.0,42.0,0
87,2022-12-10,22200390,Final,1610612739,1610612760,2022,1610612739,110.0,0.471,0.692,0.375,25.0,48.0,1610612760,102.0,0.458,0.8,0.345,25.0,40.0,1
88,2022-12-10,22200391,Final,1610612741,1610612742,2022,1610612741,144.0,0.635,0.708,0.559,33.0,44.0,1610612742,115.0,0.456,0.846,0.25,24.0,37.0,1
89,2022-12-10,22200392,Final,1610612744,1610612738,2022,1610612744,123.0,0.511,0.8,0.333,26.0,53.0,1610612738,107.0,0.437,0.731,0.3,17.0,39.0,1
90,2022-12-10,22200393,Final,1610612743,1610612762,2022,1610612743,115.0,0.547,0.813,0.308,28.0,39.0,1610612762,110.0,0.459,0.81,0.366,20.0,42.0,1
91,2022-12-10,22200394,Final,1610612757,1610612750,2022,1610612757,124.0,0.518,0.893,0.382,20.0,45.0,1610612750,118.0,0.542,0.75,0.435,22.0,28.0,1
92,2022-12-09,22200377,Final,1610612766,1610612752,2022,1610612766,102.0,0.44,0.786,0.231,16.0,45.0,1610612752,121.0,0.441,0.867,0.382,25.0,48.0,0
93,2022-12-09,22200378,Final,1610612754,1610612764,2022,1610612754,121.0,0.506,0.85,0.439,23.0,40.0,1610612764,111.0,0.532,0.76,0.345,25.0,38.0,1
94,2022-12-09,22200379,Final,1610612753,1610612761,2022,1610612753,113.0,0.592,0.905,0.385,24.0,43.0,1610612761,109.0,0.424,0.818,0.286,23.0,33.0,1
95,2022-12-09,22200380,Final,1610612751,1610612737,2022,1610612751,120.0,0.542,0.81,0.433,30.0,38.0,1610612737,116.0,0.495,0.875,0.345,21.0,38.0,1
96,2022-12-09,22200381,Final,1610612739,1610612758,2022,1610612739,95.0,0.43,0.773,0.333,20.0,36.0,1610612758,106.0,0.53,0.625,0.485,21.0,38.0,0
97,2022-12-09,22200382,Final,1610612755,1610612747,2022,1610612755,133.0,0.533,0.864,0.45,30.0,42.0,1610612747,122.0,0.5,0.767,0.355,29.0,37.0,1
98,2022-12-09,22200383,Final,1610612763,1610612765,2022,1610612763,114.0,0.484,0.531,0.281,30.0,48.0,1610612765,103.0,0.4,0.741,0.314,23.0,47.0,1
99,2022-12-09,22200384,Final,1610612740,1610612756,2022,1610612740,128.0,0.511,0.8,0.296,27.0,44.0,1610612756,117.0,0.5,0.692,0.5,30.0,37.0,1
100,2022-12-09,22200385,Final,1610612762,1610612750,2022,1610612762,108.0,0.433,0.708,0.295,22.0,40.0,1610612750,118.0,0.532,0.769,0.4,30.0,44.0,0
101,2022-12-09,22200386,Final,1610612742,1610612749,2022,1610612742,105.0,0.466,0.417,0.325,21.0,43.0,1610612749,106.0,0.437,0.826,0.344,27.0,51.0,0
102,2022-12-08,22200374,Final,1610612748,1610612746,2022,1610612748,115.0,0.511,0.786,0.375,24.0,43.0,1610612746,110.0,0.463,0.905,0.472,24.0,43.0,1
103,2022-12-08,22200375,Final,1610612759,1610612745,2022,1610612759,118.0,0.554,0.867,0.361,25.0,38.0,1610612745,109.0,0.449,0.733,0.345,23.0,42.0,1
104,2022-12-08,22200376,Final,1610612757,1610612743,2022,1610612757,120.0,0.484,1.0,0.4,30.0,38.0,1610612743,121.0,0.516,0.682,0.4,28.0,48.0,0
105,2022-12-07,22200363,Final,1610612753,1610612746,2022,1610612753,116.0,0.421,0.903,0.286,20.0,53.0,1610612746,111.0,0.411,0.692,0.366,26.0,53.0,1
106,2022-12-07,22200364,Final,1610612751,1610612766,2022,1610612751,122.0,0.57,0.75,0.387,33.0,39.0,1610612766,116.0,0.534,0.522,0.417,25.0,40.0,1
107,2022-12-07,22200365,Final,1610612752,1610612737,2022,1610612752,113.0,0.446,0.917,0.472,26.0,55.0,1610612737,89.0,0.376,0.792,0.167,16.0,39.0,1
108,2022-12-07,22200366,Final,1610612761,1610612747,2022,1610612761,126.0,0.443,0.833,0.279,25.0,54.0,1610612747,113.0,0.425,0.914,0.212,16.0,46.0,1
109,2022-12-07,22200367,Final,1610612741,1610612764,2022,1610612741,115.0,0.5,0.882,0.435,29.0,41.0,1610612764,111.0,0.488,0.69,0.29,22.0,38.0,1
110,2022-12-07,22200368,Final,1610612763,1610612760,2022,1610612763,123.0,0.511,0.813,0.368,32.0,50.0,1610612760,102.0,0.37,0.87,0.368,25.0,48.0,1
111,2022-12-07,22200369,Final,1610612749,1610612758,2022,1610612749,126.0,0.479,0.833,0.424,34.0,50.0,1610612758,113.0,0.473,0.938,0.316,19.0,40.0,1
112,2022-12-07,22200370,Final,1610612750,1610612754,2022,1610612750,121.0,0.473,0.926,0.348,25.0,51.0,1610612754,115.0,0.481,0.75,0.452,22.0,31.0,1
113,2022-12-07,22200371,Final,1610612740,1610612765,2022,1610612740,104.0,0.459,0.783,0.296,21.0,50.0,1610612765,98.0,0.389,0.813,0.357,17.0,42.0,1
114,2022-12-07,22200372,Final,1610612762,1610612744,2022,1610612762,124.0,0.535,0.81,0.429,26.0,40.0,1610612744,123.0,0.459,0.76,0.333,26.0,42.0,1
115,2022-12-07,22200373,Final,1610612756,1610612738,2022,1610612756,98.0,0.398,0.842,0.25,19.0,49.0,1610612738,125.0,0.485,0.846,0.356,29.0,53.0,0
116,2022-12-06,22200360,Final,1610612739,1610612747,2022,1610612739,116.0,0.516,0.765,0.259,25.0,44.0,1610612747,102.0,0.427,0.833,0.167,16.0,43.0,1
117,2022-12-06,22200361,Final,1610612748,1610612765,2022,1610612748,96.0,0.429,0.769,0.313,21.0,40.0,1610612765,116.0,0.494,0.733,0.463,27.0,40.0,0
118,2022-12-06,22200362,Final,1610612743,1610612742,2022,1610612743,115.0,0.513,0.786,0.406,30.0,36.0,1610612742,116.0,0.5,0.871,0.472,27.0,35.0,0
119,2022-12-05,22200352,Final,1610612766,1610612746,2022,1610612766,117.0,0.48,0.647,0.353,29.0,49.0,1610612746,119.0,0.484,0.667,0.417,30.0,47.0,0
120,2022-12-05,22200353,Final,1610612753,1610612749,2022,1610612753,102.0,0.366,0.897,0.25,21.0,52.0,1610612749,109.0,0.447,0.769,0.325,31.0,45.0,0
121,2022-12-05,22200354,Final,1610612737,1610612760,2022,1610612737,114.0,0.431,0.765,0.342,24.0,54.0,1610612760,121.0,0.453,0.958,0.353,25.0,49.0,0
122,2022-12-05,22200355,Final,1610612761,1610612738,2022,1610612761,110.0,0.459,0.733,0.357,19.0,46.0,1610612738,116.0,0.489,0.714,0.361,27.0,49.0,0
123,2022-12-05,22200356,Final,1610612745,1610612755,2022,1610612745,132.0,0.447,0.773,0.359,19.0,51.0,1610612755,123.0,0.448,0.778,0.472,23.0,39.0,1
124,2022-12-05,22200357,Final,1610612763,1610612748,2022,1610612763,101.0,0.467,1.0,0.25,23.0,41.0,1610612748,93.0,0.392,0.773,0.35,23.0,45.0,1
125,2022-12-05,22200358,Final,1610612742,1610612756,2022,1610612742,130.0,0.524,0.846,0.488,23.0,41.0,1610612756,111.0,0.44,0.692,0.351,28.0,41.0,1
126,2022-12-05,22200359,Final,1610612744,1610612754,2022,1610612744,104.0,0.404,0.789,0.295,26.0,47.0,1610612754,112.0,0.478,0.611,0.385,26.0,47.0,0
127,2022-12-04,22200344,Final,1610612740,1610612743,2022,1610612740,121.0,0.506,0.778,0.423,29.0,36.0,1610612743,106.0,0.506,0.667,0.258,24.0,43.0,1
128,2022-12-04,22200345,Final,1610612759,1610612756,2022,1610612759,95.0,0.437,0.722,0.194,19.0,40.0,1610612756,133.0,0.521,0.8,0.514,38.0,45.0,0
129,2022-12-04,22200346,Final,1610612751,1610612738,2022,1610612751,92.0,0.405,0.682,0.346,17.0,45.0,1610612738,103.0,0.432,0.9,0.395,18.0,48.0,0
130,2022-12-04,22200347,Final,1610612765,1610612763,2022,1610612765,112.0,0.44,0.833,0.371,26.0,39.0,1610612763,122.0,0.467,0.724,0.429,28.0,46.0,0
131,2022-12-04,22200348,Final,1610612752,1610612739,2022,1610612752,92.0,0.407,0.81,0.172,17.0,54.0,1610612739,81.0,0.349,0.75,0.229,17.0,39.0,1
132,2022-12-04,22200349,Final,1610612764,1610612747,2022,1610612764,119.0,0.467,0.733,0.256,24.0,44.0,1610612747,130.0,0.542,0.727,0.385,34.0,51.0,0
133,2022-12-04,22200350,Final,1610612758,1610612741,2022,1610612758,110.0,0.465,0.895,0.302,30.0,46.0,1610612741,101.0,0.442,0.842,0.36,17.0,39.0,1
134,2022-12-04,22200351,Final,1610612757,1610612754,2022,1610612757,116.0,0.488,0.682,0.425,32.0,45.0,1610612754,100.0,0.44,0.833,0.303,22.0,44.0,1
135,2022-12-03,22200337,Final,1610612752,1610612742,2022,1610612752,100.0,0.455,0.714,0.323,18.0,45.0,1610612742,121.0,0.43,0.786,0.393,27.0,50.0,0
136,2022-12-03,22200338,Final,1610612746,1610612758,2022,1610612746,96.0,0.355,0.808,0.273,15.0,50.0,1610612758,123.0,0.517,0.667,0.344,31.0,46.0,0
137,2022-12-03,22200339,Final,1610612766,1610612749,2022,1610612766,96.0,0.391,0.885,0.208,15.0,44.0,1610612749,105.0,0.47,0.789,0.375,24.0,47.0,0
138,2022-12-03,22200340,Final,1610612761,1610612753,2022,1610612761,121.0,0.56,0.72,0.31,31.0,43.0,1610612753,108.0,0.487,0.808,0.393,23.0,29.0,1
139,2022-12-03,22200341,Final,1610612750,1610612760,2022,1610612750,128.0,0.528,0.8,0.333,25.0,44.0,1610612760,135.0,0.516,0.8,0.423,26.0,42.0,0
140,2022-12-03,22200342,Final,1610612744,1610612745,2022,1610612744,120.0,0.529,0.5,0.481,34.0,35.0,1610612745,101.0,0.44,0.9,0.107,17.0,45.0,1
141,2022-12-03,22200343,Final,1610612762,1610612757,2022,1610612762,111.0,0.452,0.786,0.361,20.0,44.0,1610612757,116.0,0.482,0.774,0.4,19.0,49.0,0
142,2022-12-02,22200326,Final,1610612766,1610612764,2022,1610612766,117.0,0.421,0.806,0.414,25.0,45.0,1610612764,116.0,0.453,0.743,0.364,23.0,56.0,1
143,2022-12-02,22200327,Final,1610612737,1610612743,2022,1610612737,117.0,0.557,0.643,0.357,24.0,43.0,1610612743,109.0,0.529,0.538,0.375,31.0,33.0,1
144,2022-12-02,22200328,Final,1610612738,1610612748,2022,1610612738,116.0,0.46,0.75,0.333,26.0,48.0,1610612748,120.0,0.475,0.722,0.314,19.0,50.0,0
145,2022-12-02,22200329,Final,1610612751,1610612761,2022,1610612751,114.0,0.537,0.682,0.344,27.0,41.0,1610612761,105.0,0.437,0.733,0.292,16.0,43.0,1
146,2022-12-02,22200330,Final,1610612739,1610612753,2022,1610612739,107.0,0.488,1.0,0.381,22.0,33.0,1610612753,96.0,0.494,0.667,0.348,19.0,40.0,1
147,2022-12-02,22200331,Final,1610612749,1610612747,2022,1610612749,129.0,0.532,0.8,0.395,29.0,42.0,1610612747,133.0,0.542,0.75,0.423,32.0,44.0,0
148,2022-12-02,22200332,Final,1610612763,1610612755,2022,1610612763,117.0,0.433,0.786,0.367,22.0,57.0,1610612755,109.0,0.44,0.882,0.424,23.0,42.0,1
149,2022-12-02,22200333,Final,1610612759,1610612740,2022,1610612759,99.0,0.388,0.75,0.282,26.0,49.0,1610612740,117.0,0.435,0.962,0.286,25.0,53.0,0
150,2022-12-02,22200334,Final,1610612756,1610612745,2022,1610612756,121.0,0.529,0.737,0.459,30.0,37.0,1610612745,122.0,0.494,0.791,0.333,19.0,41.0,0
151,2022-12-02,22200335,Final,1610612762,1610612754,2022,1610612762,139.0,0.554,0.865,0.441,29.0,47.0,1610612754,119.0,0.435,0.818,0.353,25.0,35.0,1
152,2022-12-02,22200336,Final,1610612744,1610612741,2022,1610612744,119.0,0.483,0.652,0.4,32.0,50.0,1610612741,111.0,0.462,0.667,0.333,28.0,44.0,1
153,2022-12-01,22200325,Final,1610612765,1610612742,2022,1610612765,131.0,0.543,0.583,0.429,29.0,52.0,1610612742,125.0,0.535,0.483,0.413,25.0,30.0,1
154,2022-11-30,22200312,Final,1610612739,1610612755,2022,1610612739,113.0,0.608,0.8,0.517,28.0,40.0,1610612755,85.0,0.416,0.833,0.231,19.0,30.0,1
155,2022-11-30,22200313,Final,1610612753,1610612737,2022,1610612753,108.0,0.494,0.88,0.296,26.0,33.0,1610612737,125.0,0.543,0.789,0.25,25.0,49.0,0
156,2022-11-30,22200314,Final,1610612738,1610612748,2022,1610612738,134.0,0.554,0.87,0.489,32.0,41.0,1610612748,121.0,0.522,1.0,0.45,25.0,32.0,1
157,2022-11-30,22200315,Final,1610612751,1610612764,2022,1610612751,113.0,0.464,0.923,0.423,22.0,35.0,1610612764,107.0,0.438,0.676,0.25,19.0,51.0,1
158,2022-11-30,22200316,Final,1610612752,1610612749,2022,1610612752,103.0,0.42,0.65,0.2,18.0,55.0,1610612749,109.0,0.433,0.808,0.286,23.0,52.0,0
159,2022-11-30,22200317,Final,1610612750,1610612763,2022,1610612750,109.0,0.461,0.789,0.308,26.0,29.0,1610612763,101.0,0.425,0.6,0.346,17.0,59.0,1
160,2022-11-30,22200318,Final,1610612740,1610612761,2022,1610612740,126.0,0.523,0.846,0.424,28.0,52.0,1610612761,108.0,0.477,0.684,0.289,29.0,30.0,1
161,2022-11-30,22200319,Final,1610612760,1610612759,2022,1610612760,119.0,0.511,0.667,0.333,17.0,52.0,1610612759,111.0,0.446,0.76,0.27,27.0,44.0,1
162,2022-11-30,22200320,Final,1610612743,1610612745,2022,1610612743,120.0,0.53,0.75,0.531,30.0,42.0,1610612745,100.0,0.42,0.778,0.293,18.0,39.0,1
163,2022-11-30,22200321,Final,1610612756,1610612741,2022,1610612756,132.0,0.527,0.905,0.455,22.0,46.0,1610612741,113.0,0.5,0.818,0.16,21.0,35.0,1
164,2022-11-30,22200322,Final,1610612762,1610612746,2022,1610612762,125.0,0.556,0.75,0.438,24.0,46.0,1610612746,112.0,0.398,0.778,0.333,16.0,39.0,1
165,2022-11-30,22200323,Final,1610612758,1610612754,2022,1610612758,137.0,0.505,0.862,0.372,28.0,58.0,1610612754,114.0,0.4,0.733,0.324,28.0,47.0,1
166,2022-11-30,22200324,Final,1610612747,1610612757,2022,1610612747,128.0,0.495,0.692,0.378,28.0,48.0,1610612757,109.0,0.467,0.81,0.333,21.0,45.0,1
167,2022-11-29,22200309,Final,1610612765,1610612752,2022,1610612765,110.0,0.506,0.65,0.333,28.0,30.0,1610612752,140.0,0.563,0.762,0.457,31.0,51.0,0
168,2022-11-29,22200310,Final,1610612742,1610612744,2022,1610612742,116.0,0.462,0.63,0.341,21.0,39.0,1610612744,113.0,0.477,0.783,0.256,27.0,50.0,1
169,2022-11-29,22200311,Final,1610612757,1610612746,2022,1610612757,112.0,0.467,0.733,0.486,24.0,43.0,1610612746,118.0,0.461,0.821,0.419,26.0,48.0,0
170,2022-11-28,22200299,Final,1610612755,1610612737,2022,1610612755,104.0,0.453,0.889,0.357,23.0,37.0,1610612737,101.0,0.5,0.682,0.444,26.0,42.0,1
171,2022-11-28,22200300,Final,1610612764,1610612750,2022,1610612764,142.0,0.571,0.852,0.484,31.0,34.0,1610612750,127.0,0.5,0.857,0.259,20.0,45.0,1
172,2022-11-28,22200301,Final,1610612738,1610612766,2022,1610612738,140.0,0.591,0.857,0.462,40.0,39.0,1610612766,105.0,0.488,0.667,0.379,28.0,37.0,1
173,2022-11-28,22200302,Final,1610612751,1610612753,2022,1610612751,109.0,0.543,0.857,0.321,20.0,42.0,1610612753,102.0,0.475,0.591,0.419,18.0,35.0,1
174,2022-11-28,22200303,Final,1610612761,1610612739,2022,1610612761,100.0,0.44,0.824,0.429,23.0,45.0,1610612739,88.0,0.378,0.813,0.184,21.0,47.0,1
175,2022-11-28,22200304,Final,1610612740,1610612760,2022,1610612740,105.0,0.448,0.9,0.281,21.0,49.0,1610612760,101.0,0.37,0.913,0.316,16.0,47.0,1
176,2022-11-28,22200305,Final,1610612743,1610612745,2022,1610612743,129.0,0.568,0.85,0.4,31.0,43.0,1610612745,113.0,0.459,0.76,0.364,25.0,37.0,1
177,2022-11-28,22200306,Final,1610612762,1610612741,2022,1610612762,107.0,0.482,0.4,0.388,30.0,45.0,1610612741,114.0,0.462,0.88,0.273,21.0,50.0,0
178,2022-11-28,22200307,Final,1610612758,1610612756,2022,1610612758,117.0,0.523,0.889,0.36,32.0,37.0,1610612756,122.0,0.532,0.857,0.313,26.0,45.0,0
179,2022-11-28,22200308,Final,1610612747,1610612754,2022,1610612747,115.0,0.43,0.774,0.355,23.0,57.0,1610612754,116.0,0.41,0.813,0.347,29.0,49.0,0
180,2022-11-27,22200290,Final,1610612751,1610612757,2022,1610612751,111.0,0.526,0.778,0.429,27.0,38.0,1610612757,97.0,0.443,0.682,0.364,27.0,42.0,1
181,2022-11-27,22200291,Final,1610612750,1610612744,2022,1610612750,114.0,0.443,0.759,0.4,22.0,31.0,1610612744,137.0,0.575,0.85,0.426,36.0,47.0,0
182,2022-11-27,22200292,Final,1610612746,1610612754,2022,1610612746,114.0,0.447,0.75,0.188,33.0,62.0,1610612754,100.0,0.383,0.826,0.214,23.0,39.0,1
183,2022-11-27,22200293,Final,1610612737,1610612748,2022,1610612737,98.0,0.398,0.947,0.278,24.0,42.0,1610612748,106.0,0.488,0.895,0.273,28.0,46.0,0
184,2022-11-27,22200294,Final,1610612738,1610612764,2022,1610612738,130.0,0.55,1.0,0.471,25.0,38.0,1610612764,121.0,0.537,0.788,0.25,23.0,29.0,1
185,2022-11-27,22200295,Final,1610612765,1610612739,2022,1610612765,94.0,0.456,0.538,0.286,14.0,36.0,1610612739,102.0,0.429,0.848,0.286,14.0,41.0,0
186,2022-11-27,22200296,Final,1610612752,1610612763,2022,1610612752,123.0,0.506,0.833,0.333,30.0,42.0,1610612763,127.0,0.484,0.742,0.375,32.0,50.0,0
187,2022-11-27,22200297,Final,1610612753,1610612755,2022,1610612753,103.0,0.456,0.76,0.3,21.0,26.0,1610612755,133.0,0.649,0.815,0.407,32.0,43.0,0
188,2022-11-27,22200298,Final,1610612749,1610612742,2022,1610612749,124.0,0.558,0.733,0.459,28.0,40.0,1610612742,115.0,0.513,0.64,0.415,23.0,32.0,1
189,2022-11-26,22200286,Final,1610612761,1610612742,2022,1610612761,105.0,0.432,0.808,0.308,20.0,48.0,1610612742,100.0,0.479,0.792,0.282,28.0,34.0,1
190,2022-11-26,22200287,Final,1610612745,1610612760,2022,1610612745,118.0,0.523,0.714,0.5,25.0,53.0,1610612760,105.0,0.392,0.826,0.227,19.0,41.0,1
191,2022-11-26,22200288,Final,1610612759,1610612747,2022,1610612759,138.0,0.505,0.7,0.486,33.0,47.0,1610612747,143.0,0.58,0.865,0.515,25.0,39.0,0
192,2022-11-26,22200289,Final,1610612756,1610612762,2022,1610612756,113.0,0.457,0.767,0.273,23.0,48.0,1610612762,112.0,0.506,0.76,0.406,20.0,40.0,1
193,2022-11-25,22200272,Final,1610612766,1610612750,2022,1610612766,110.0,0.449,0.688,0.32,24.0,55.0,1610612750,108.0,0.427,0.944,0.22,24.0,45.0,1
194,2022-11-25,22200273,Final,1610612753,1610612755,2022,1610612753,99.0,0.425,0.815,0.257,20.0,35.0,1610612755,107.0,0.476,0.833,0.389,25.0,47.0,0
195,2022-11-25,22200274,Final,1610612752,1610612757,2022,1610612752,129.0,0.438,0.857,0.317,27.0,44.0,1610612757,132.0,0.494,0.745,0.313,24.0,48.0,0
196,2022-11-25,22200275,Final,1610612738,1610612758,2022,1610612738,122.0,0.494,0.889,0.432,27.0,38.0,1610612758,104.0,0.414,0.885,0.25,20.0,45.0,1
197,2022-11-25,22200276,Final,1610612754,1610612751,2022,1610612754,128.0,0.5,0.789,0.353,28.0,41.0,1610612751,117.0,0.534,0.8,0.366,27.0,38.0,1
198,2022-11-25,22200277,Final,1610612748,1610612764,2022,1610612748,110.0,0.472,0.826,0.269,24.0,47.0,1610612764,107.0,0.43,0.8,0.282,27.0,45.0,1
199,2022-11-25,22200278,Final,1610612745,1610612737,2022,1610612745,128.0,0.471,0.829,0.343,25.0,59.0,1610612737,122.0,0.476,0.806,0.385,14.0,28.0,1
200,2022-11-25,22200279,Final,1610612763,1610612740,2022,1610612763,132.0,0.516,0.741,0.474,26.0,46.0,1610612740,111.0,0.43,0.871,0.323,26.0,41.0,1
201,2022-11-25,22200280,Final,1610612749,1610612739,2022,1610612749,117.0,0.506,0.72,0.469,27.0,43.0,1610612739,102.0,0.391,0.846,0.364,12.0,41.0,1
202,2022-11-25,22200281,Final,1610612760,1610612741,2022,1610612760,123.0,0.463,0.875,0.241,24.0,50.0,1610612741,119.0,0.436,0.826,0.364,25.0,47.0,1
203,2022-11-25,22200282,Final,1610612759,1610612747,2022,1610612759,94.0,0.38,0.75,0.182,21.0,50.0,1610612747,105.0,0.482,0.85,0.296,28.0,49.0,0
204,2022-11-25,22200283,Final,1610612756,1610612765,2022,1610612756,108.0,0.483,0.654,0.241,25.0,43.0,1610612765,102.0,0.424,0.938,0.346,21.0,49.0,1
205,2022-11-25,22200284,Final,1610612744,1610612762,2022,1610612744,129.0,0.515,0.833,0.444,33.0,49.0,1610612762,118.0,0.474,0.882,0.244,28.0,42.0,1
206,2022-11-25,22200285,Final,1610612746,1610612743,2022,1610612746,104.0,0.544,0.559,0.5,22.0,33.0,1610612743,114.0,0.494,0.696,0.333,27.0,37.0,0
207,2022-11-23,22200260,Final,1610612766,1610612755,2022,1610612766,107.0,0.478,0.619,0.261,25.0,44.0,1610612755,101.0,0.442,0.889,0.237,20.0,45.0,1
208,2022-11-23,22200261,Final,1610612739,1610612757,2022,1610612739,114.0,0.554,0.87,0.444,22.0,39.0,1610612757,96.0,0.449,1.0,0.419,28.0,32.0,1
209,2022-11-23,22200262,Final,1610612754,1610612750,2022,1610612754,101.0,0.385,0.688,0.364,25.0,30.0,1610612750,115.0,0.61,0.765,0.364,31.0,50.0,0
210,2022-11-23,22200263,Final,1610612737,1610612758,2022,1610612737,115.0,0.446,0.957,0.367,23.0,47.0,1610612758,106.0,0.461,0.714,0.29,27.0,48.0,1
211,2022-11-23,22200264,Final,1610612738,1610612742,2022,1610612738,125.0,0.536,0.857,0.5,29.0,38.0,1610612742,112.0,0.537,0.619,0.355,20.0,35.0,1
212,2022-11-23,22200265,Final,1610612748,1610612764,2022,1610612748,113.0,0.419,0.864,0.39,20.0,53.0,1610612764,105.0,0.472,0.579,0.263,27.0,43.0,1
213,2022-11-23,22200266,Final,1610612761,1610612751,2022,1610612761,98.0,0.356,0.76,0.241,16.0,52.0,1610612751,112.0,0.549,0.714,0.447,32.0,39.0,0
214,2022-11-23,22200267,Final,1610612749,1610612741,2022,1610612749,113.0,0.456,0.76,0.316,24.0,48.0,1610612741,118.0,0.494,0.778,0.429,30.0,35.0,0
215,2022-11-23,22200268,Final,1610612760,1610612743,2022,1610612760,126.0,0.433,0.857,0.45,26.0,39.0,1610612743,131.0,0.477,0.805,0.368,31.0,55.0,0
216,2022-11-23,22200269,Final,1610612759,1610612740,2022,1610612759,110.0,0.482,0.643,0.294,31.0,37.0,1610612740,129.0,0.573,0.7,0.424,33.0,42.0,0
217,2022-11-23,22200270,Final,1610612762,1610612765,2022,1610612762,116.0,0.494,0.842,0.439,31.0,38.0,1610612765,125.0,0.494,0.926,0.5,24.0,38.0,0
218,2022-11-23,22200271,Final,1610612744,1610612746,2022,1610612744,124.0,0.495,0.692,0.373,36.0,45.0,1610612746,107.0,0.453,0.667,0.379,22.0,43.0,1
219,2022-11-22,22200256,Final,1610612755,1610612751,2022,1610612755,115.0,0.434,0.813,0.5,19.0,49.0,1610612751,106.0,0.55,0.692,0.321,31.0,35.0,1
220,2022-11-22,22200257,Final,1610612763,1610612758,2022,1610612763,109.0,0.451,0.633,0.267,26.0,49.0,1610612758,113.0,0.433,0.741,0.333,27.0,45.0,0
221,2022-11-22,22200258,Final,1610612743,1610612765,2022,1610612743,108.0,0.5,0.654,0.263,28.0,42.0,1610612765,110.0,0.511,0.857,0.286,27.0,40.0,0
222,2022-11-22,22200259,Final,1610612756,1610612747,2022,1610612756,115.0,0.471,0.6,0.471,23.0,49.0,1610612747,105.0,0.424,0.829,0.182,19.0,45.0,1
223,2022-11-21,22200248,Final,1610612739,1610612737,2022,1610612739,114.0,0.6,0.87,0.526,24.0,37.0,1610612737,102.0,0.437,0.882,0.324,24.0,35.0,1
224,2022-11-21,22200249,Final,1610612754,1610612753,2022,1610612754,123.0,0.5,0.889,0.283,32.0,48.0,1610612753,102.0,0.424,0.76,0.314,20.0,38.0,1
225,2022-11-21,22200250,Final,1610612741,1610612738,2022,1610612741,121.0,0.517,0.75,0.483,26.0,51.0,1610612738,107.0,0.437,0.706,0.38,28.0,38.0,1
226,2022-11-21,22200251,Final,1610612749,1610612757,2022,1610612749,119.0,0.547,0.64,0.321,31.0,42.0,1610612757,111.0,0.473,0.789,0.276,19.0,40.0,1
227,2022-11-21,22200252,Final,1610612750,1610612748,2022,1610612750,105.0,0.435,0.85,0.298,30.0,40.0,1610612748,101.0,0.389,0.667,0.289,26.0,46.0,1
228,2022-11-21,22200253,Final,1610612740,1610612744,2022,1610612740,128.0,0.538,0.714,0.357,30.0,50.0,1610612744,83.0,0.378,0.895,0.233,17.0,34.0,1
229,2022-11-21,22200254,Final,1610612760,1610612752,2022,1610612760,119.0,0.489,0.781,0.333,25.0,38.0,1610612752,129.0,0.526,0.8,0.324,21.0,48.0,0
230,2022-11-21,22200255,Final,1610612746,1610612762,2022,1610612746,121.0,0.516,0.947,0.375,26.0,41.0,1610612762,114.0,0.449,0.917,0.316,22.0,45.0,1
231,2022-11-20,22200240,Final,1610612756,1610612752,2022,1610612756,116.0,0.426,0.722,0.436,35.0,60.0,1610612752,95.0,0.4,0.8,0.28,20.0,39.0,1
232,2022-11-20,22200241,Final,1610612764,1610612766,2022,1610612764,106.0,0.43,0.722,0.382,19.0,49.0,1610612766,102.0,0.39,0.696,0.25,19.0,51.0,1
233,2022-11-20,22200242,Final,1610612758,1610612765,2022,1610612758,137.0,0.553,0.886,0.343,29.0,41.0,1610612765,129.0,0.528,0.87,0.517,20.0,35.0,1
234,2022-11-20,22200243,Final,1610612751,1610612763,2022,1610612751,127.0,0.602,0.733,0.471,33.0,45.0,1610612763,115.0,0.434,0.548,0.324,28.0,44.0,1
235,2022-11-20,22200244,Final,1610612739,1610612748,2022,1610612739,113.0,0.53,0.75,0.351,31.0,49.0,1610612748,87.0,0.388,0.864,0.194,17.0,30.0,1
236,2022-11-20,22200245,Final,1610612745,1610612744,2022,1610612745,120.0,0.456,0.852,0.333,24.0,45.0,1610612744,127.0,0.535,0.733,0.511,38.0,40.0,0
237,2022-11-20,22200246,Final,1610612742,1610612743,2022,1610612742,97.0,0.449,0.571,0.357,24.0,36.0,1610612743,98.0,0.474,0.789,0.333,22.0,44.0,0
238,2022-11-20,22200247,Final,1610612747,1610612759,2022,1610612747,123.0,0.529,0.875,0.353,29.0,54.0,1610612759,92.0,0.39,0.3,0.206,26.0,44.0,1
239,2022-11-19,22200235,Final,1610612737,1610612761,2022,1610612737,124.0,0.5,0.781,0.28,23.0,50.0,1610612761,122.0,0.444,0.818,0.216,27.0,51.0,1
240,2022-11-19,22200237,Final,1610612755,1610612750,2022,1610612755,109.0,0.479,0.844,0.438,21.0,39.0,1610612750,112.0,0.471,0.833,0.333,28.0,43.0,0
241,2022-11-19,22200238,Final,1610612757,1610612762,2022,1610612757,113.0,0.47,0.815,0.31,27.0,43.0,1610612762,118.0,0.462,0.87,0.359,23.0,42.0,0
242,2022-11-19,22200239,Final,1610612746,1610612759,2022,1610612746,119.0,0.543,0.526,0.525,32.0,35.0,1610612759,97.0,0.414,0.857,0.269,22.0,43.0,1
243,2022-11-18,22200224,Final,1610612764,1610612748,2022,1610612764,107.0,0.427,0.714,0.326,33.0,54.0,1610612748,106.0,0.357,0.781,0.256,23.0,53.0,1
244,2022-11-18,22200225,Final,1610612739,1610612766,2022,1610612739,132.0,0.533,0.813,0.286,25.0,50.0,1610612766,122.0,0.4,0.833,0.318,24.0,53.0,1
245,2022-11-18,22200226,Final,1610612755,1610612749,2022,1610612755,110.0,0.513,0.654,0.464,28.0,41.0,1610612749,102.0,0.456,0.381,0.333,22.0,42.0,1
246,2022-11-18,22200227,Final,1610612741,1610612753,2022,1610612741,107.0,0.461,0.8,0.238,27.0,46.0,1610612753,108.0,0.494,0.909,0.429,25.0,41.0,0
247,2022-11-18,22200228,Final,1610612745,1610612754,2022,1610612745,91.0,0.337,0.844,0.214,15.0,49.0,1610612754,99.0,0.402,0.778,0.293,25.0,45.0,0
248,2022-11-18,22200229,Final,1610612763,1610612760,2022,1610612763,121.0,0.419,0.725,0.359,26.0,57.0,1610612760,110.0,0.469,0.818,0.324,34.0,43.0,1
249,2022-11-18,22200230,Final,1610612742,1610612743,2022,1610612742,127.0,0.597,0.786,0.406,29.0,44.0,1610612743,99.0,0.422,0.722,0.333,24.0,36.0,1
250,2022-11-18,22200231,Final,1610612740,1610612738,2022,1610612740,109.0,0.494,0.769,0.371,24.0,37.0,1610612738,117.0,0.482,0.882,0.435,28.0,46.0,0
251,2022-11-18,22200232,Final,1610612762,1610612756,2022,1610612762,134.0,0.56,0.667,0.516,32.0,36.0,1610612756,133.0,0.521,0.929,0.3,29.0,42.0,1
252,2022-11-18,22200233,Final,1610612744,1610612752,2022,1610612744,111.0,0.451,0.55,0.36,32.0,51.0,1610612752,101.0,0.345,0.941,0.265,16.0,45.0,1
253,2022-11-18,22200234,Final,1610612747,1610612765,2022,1610612747,128.0,0.551,0.875,0.35,29.0,44.0,1610612765,121.0,0.467,0.75,0.324,27.0,37.0,1
254,2022-11-17,22200221,Final,1610612757,1610612751,2022,1610612757,107.0,0.387,0.815,0.361,22.0,39.0,1610612751,109.0,0.506,0.783,0.379,32.0,47.0,0
255,2022-11-17,22200222,Final,1610612758,1610612759,2022,1610612758,130.0,0.578,0.917,0.4,28.0,37.0,1610612759,112.0,0.548,0.75,0.423,29.0,32.0,1
256,2022-11-17,22200223,Final,1610612746,1610612765,2022,1610612746,96.0,0.407,0.792,0.367,17.0,51.0,1610612765,91.0,0.375,0.792,0.194,15.0,43.0,1
257,2022-11-16,22200211,Final,1610612766,1610612754,2022,1610612766,113.0,0.457,0.833,0.364,29.0,44.0,1610612754,125.0,0.537,0.839,0.393,27.0,34.0,0
258,2022-11-16,22200212,Final,1610612753,1610612750,2022,1610612753,108.0,0.452,0.882,0.257,21.0,47.0,1610612750,126.0,0.523,0.786,0.333,28.0,40.0,0
259,2022-11-16,22200213,Final,1610612764,1610612760,2022,1610612764,120.0,0.512,0.882,0.5,32.0,41.0,1610612760,121.0,0.543,0.654,0.516,24.0,37.0,0
260,2022-11-16,22200214,Final,1610612737,1610612738,2022,1610612737,101.0,0.416,0.769,0.219,21.0,45.0,1610612738,126.0,0.545,0.9,0.457,29.0,49.0,0
261,2022-11-16,22200215,Final,1610612761,1610612748,2022,1610612761,112.0,0.512,0.773,0.269,23.0,42.0,1610612748,104.0,0.545,0.864,0.371,19.0,23.0,1
262,2022-11-16,22200216,Final,1610612749,1610612739,2022,1610612749,113.0,0.477,0.556,0.41,26.0,52.0,1610612739,98.0,0.429,0.824,0.429,22.0,34.0,1
263,2022-11-16,22200217,Final,1610612740,1610612741,2022,1610612740,124.0,0.506,0.875,0.515,30.0,46.0,1610612741,110.0,0.494,0.647,0.344,25.0,37.0,1
264,2022-11-16,22200218,Final,1610612742,1610612745,2022,1610612742,92.0,0.304,0.947,0.218,21.0,38.0,1610612745,101.0,0.467,0.875,0.455,21.0,56.0,0
265,2022-11-16,22200219,Final,1610612743,1610612752,2022,1610612743,103.0,0.439,0.85,0.368,18.0,42.0,1610612752,106.0,0.44,0.774,0.235,24.0,40.0,0
266,2022-11-16,22200220,Final,1610612756,1610612744,2022,1610612756,130.0,0.512,0.84,0.525,33.0,47.0,1610612744,119.0,0.457,1.0,0.429,30.0,40.0,1
267,2022-11-15,22200206,Final,1610612740,1610612763,2022,1610612740,113.0,0.473,0.75,0.474,31.0,43.0,1610612763,102.0,0.413,0.68,0.257,16.0,51.0,1
268,2022-11-15,22200207,Final,1610612742,1610612746,2022,1610612742,103.0,0.438,0.667,0.395,20.0,34.0,1610612746,101.0,0.531,0.808,0.429,23.0,40.0,1
269,2022-11-15,22200208,Final,1610612762,1610612752,2022,1610612762,111.0,0.434,0.833,0.326,29.0,49.0,1610612752,118.0,0.473,0.76,0.344,26.0,43.0,0
270,2022-11-15,22200209,Final,1610612757,1610612759,2022,1610612757,117.0,0.519,0.769,0.469,22.0,39.0,1610612759,110.0,0.518,0.765,0.31,34.0,38.0,1
271,2022-11-15,22200210,Final,1610612758,1610612751,2022,1610612758,153.0,0.596,0.84,0.488,39.0,43.0,1610612751,121.0,0.494,0.909,0.393,25.0,29.0,1
272,2022-11-14,22200199,Final,1610612765,1610612761,2022,1610612765,111.0,0.455,0.721,0.323,23.0,39.0,1610612761,115.0,0.488,0.964,0.296,27.0,42.0,0
273,2022-11-14,22200200,Final,1610612753,1610612766,2022,1610612753,105.0,0.409,0.826,0.389,23.0,48.0,1610612766,112.0,0.477,0.875,0.2,22.0,37.0,0
274,2022-11-14,22200201,Final,1610612738,1610612760,2022,1610612738,126.0,0.479,0.828,0.27,25.0,46.0,1610612760,122.0,0.48,0.81,0.367,21.0,51.0,1
275,2022-11-14,22200202,Final,1610612748,1610612756,2022,1610612748,113.0,0.458,0.88,0.455,23.0,42.0,1610612756,112.0,0.485,0.5,0.389,22.0,45.0,1
276,2022-11-14,22200203,Final,1610612745,1610612746,2022,1610612745,106.0,0.453,0.613,0.3,20.0,40.0,1610612746,122.0,0.506,0.788,0.368,25.0,44.0,0
277,2022-11-14,22200204,Final,1610612749,1610612737,2022,1610612749,106.0,0.415,0.78,0.207,21.0,46.0,1610612737,121.0,0.478,0.867,0.35,23.0,45.0,0
278,2022-11-14,22200205,Final,1610612744,1610612759,2022,1610612744,132.0,0.534,0.938,0.511,35.0,40.0,1610612759,95.0,0.36,0.684,0.25,18.0,53.0,1
279,2022-11-13,22200192,Final,1610612752,1610612760,2022,1610612752,135.0,0.495,0.879,0.323,25.0,35.0,1610612760,145.0,0.625,0.9,0.548,31.0,38.0,0
280,2022-11-13,22200193,Final,1610612739,1610612750,2022,1610612739,124.0,0.449,0.692,0.5,22.0,40.0,1610612750,129.0,0.561,0.735,0.5,30.0,47.0,0
281,2022-11-13,22200194,Final,1610612764,1610612763,2022,1610612764,102.0,0.419,0.524,0.475,26.0,47.0,1610612763,92.0,0.396,0.7,0.321,21.0,51.0,1
282,2022-11-13,22200195,Final,1610612755,1610612762,2022,1610612755,105.0,0.482,0.808,0.174,21.0,39.0,1610612762,98.0,0.394,0.565,0.297,23.0,50.0,1
283,2022-11-13,22200196,Final,1610612741,1610612743,2022,1610612741,103.0,0.494,0.81,0.273,24.0,36.0,1610612743,126.0,0.6,0.81,0.481,33.0,36.0,0
284,2022-11-13,22200197,Final,1610612758,1610612744,2022,1610612758,122.0,0.516,0.632,0.432,31.0,45.0,1610612744,115.0,0.467,0.938,0.34,27.0,43.0,1
285,2022-11-13,22200198,Final,1610612747,1610612751,2022,1610612747,116.0,0.484,0.85,0.407,25.0,45.0,1610612751,103.0,0.45,0.774,0.259,22.0,41.0,1
286,2022-11-12,22200184,Final,1610612746,1610612751,2022,1610612746,95.0,0.4,0.8,0.355,22.0,46.0,1610612751,110.0,0.482,0.667,0.457,27.0,41.0,0
287,2022-11-12,22200185,Final,1610612764,1610612762,2022,1610612764,121.0,0.5,0.85,0.444,27.0,46.0,1610612762,112.0,0.468,0.909,0.35,33.0,42.0,1
288,2022-11-12,22200186,Final,1610612765,1610612738,2022,1610612765,108.0,0.416,0.857,0.421,23.0,50.0,1610612738,117.0,0.429,0.875,0.375,27.0,42.0,0
289,2022-11-12,22200187,Final,1610612754,1610612761,2022,1610612754,118.0,0.5,0.739,0.442,33.0,51.0,1610612761,104.0,0.394,0.793,0.2,14.0,43.0,1
290,2022-11-12,22200188,Final,1610612755,1610612737,2022,1610612755,121.0,0.55,0.806,0.333,24.0,31.0,1610612737,109.0,0.449,0.852,0.25,20.0,43.0,1
291,2022-11-12,22200189,Final,1610612748,1610612766,2022,1610612748,132.0,0.527,0.857,0.39,32.0,46.0,1610612766,115.0,0.511,0.875,0.29,25.0,37.0,1
292,2022-11-12,22200190,Final,1610612742,1610612757,2022,1610612742,117.0,0.506,0.808,0.326,26.0,40.0,1610612757,112.0,0.45,0.771,0.419,20.0,44.0,1
293,2022-11-12,22200191,Final,1610612740,1610612745,2022,1610612740,119.0,0.488,0.871,0.276,28.0,36.0,1610612745,106.0,0.506,0.778,0.333,24.0,43.0,1
294,2022-11-11,22200176,Final,1610612738,1610612743,2022,1610612738,131.0,0.556,0.75,0.432,30.0,46.0,1610612743,112.0,0.457,0.8,0.414,26.0,38.0,1
295,2022-11-11,22200177,Final,1610612753,1610612756,2022,1610612753,114.0,0.524,0.867,0.455,23.0,50.0,1610612756,97.0,0.4,0.889,0.31,22.0,38.0,1
296,2022-11-11,22200178,Final,1610612752,1610612765,2022,1610612752,121.0,0.447,0.931,0.25,23.0,47.0,1610612765,112.0,0.463,0.756,0.226,22.0,43.0,1
297,2022-11-11,22200179,Final,1610612760,1610612761,2022,1610612760,132.0,0.559,0.765,0.417,31.0,44.0,1610612761,113.0,0.432,0.722,0.367,20.0,39.0,1
298,2022-11-11,22200180,Final,1610612759,1610612749,2022,1610612759,111.0,0.506,0.867,0.387,22.0,50.0,1610612749,93.0,0.327,0.739,0.279,22.0,48.0,1
299,2022-11-11,22200181,Final,1610612763,1610612750,2022,1610612763,114.0,0.5,0.704,0.212,25.0,46.0,1610612750,103.0,0.468,0.864,0.333,29.0,33.0,1
300,2022-11-11,22200182,Final,1610612744,1610612739,2022,1610612744,106.0,0.488,0.786,0.417,29.0,44.0,1610612739,101.0,0.402,0.731,0.267,25.0,46.0,1
301,2022-11-11,22200183,Final,1610612747,1610612758,2022,1610612747,114.0,0.477,0.769,0.4,22.0,41.0,1610612758,120.0,0.517,0.857,0.333,27.0,40.0,0
302,2022-11-10,22200172,Final,1610612764,1610612742,2022,1610612764,113.0,0.488,0.95,0.4,25.0,52.0,1610612742,105.0,0.43,0.619,0.383,19.0,41.0,1
303,2022-11-10,22200173,Final,1610612737,1610612755,2022,1610612737,104.0,0.443,0.87,0.231,19.0,54.0,1610612755,95.0,0.386,0.833,0.2,15.0,45.0,1
304,2022-11-10,22200174,Final,1610612748,1610612766,2022,1610612748,117.0,0.433,0.806,0.278,21.0,38.0,1610612766,112.0,0.489,0.6,0.359,23.0,50.0,1
305,2022-11-10,22200175,Final,1610612740,1610612757,2022,1610612740,95.0,0.418,0.792,0.357,19.0,45.0,1610612757,106.0,0.435,0.769,0.353,25.0,46.0,0
306,2022-11-09,22200161,Final,1610612753,1610612742,2022,1610612753,94.0,0.493,0.667,0.381,20.0,49.0,1610612742,87.0,0.376,0.632,0.262,17.0,29.0,1
307,2022-11-09,22200159,Final,1610612766,1610612757,2022,1610612766,95.0,0.374,0.708,0.25,21.0,42.0,1610612757,105.0,0.533,0.56,0.324,28.0,45.0,0
308,2022-11-09,22200160,Final,1610612754,1610612743,2022,1610612754,119.0,0.469,0.789,0.333,28.0,44.0,1610612743,122.0,0.489,0.923,0.429,27.0,47.0,0
309,2022-11-09,22200162,Final,1610612737,1610612762,2022,1610612737,119.0,0.468,0.818,0.286,24.0,54.0,1610612762,125.0,0.468,0.833,0.436,27.0,47.0,0
310,2022-11-09,22200163,Final,1610612738,1610612765,2022,1610612738,128.0,0.534,0.762,0.391,31.0,43.0,1610612765,112.0,0.416,0.775,0.212,15.0,48.0,1
311,2022-11-09,22200164,Final,1610612751,1610612752,2022,1610612751,112.0,0.483,0.7,0.412,30.0,55.0,1610612752,85.0,0.322,0.654,0.279,21.0,46.0,1
312,2022-11-09,22200165,Final,1610612761,1610612745,2022,1610612761,116.0,0.412,0.85,0.341,19.0,50.0,1610612745,109.0,0.44,0.839,0.257,29.0,49.0,1
313,2022-11-09,22200166,Final,1610612741,1610612740,2022,1610612741,111.0,0.506,0.889,0.259,23.0,35.0,1610612740,115.0,0.5,0.778,0.158,20.0,50.0,0
314,2022-11-09,22200167,Final,1610612750,1610612756,2022,1610612750,117.0,0.526,0.813,0.333,26.0,38.0,1610612756,129.0,0.485,0.95,0.457,31.0,36.0,0
315,2022-11-09,22200168,Final,1610612760,1610612749,2022,1610612760,132.0,0.45,0.737,0.4,24.0,55.0,1610612749,136.0,0.472,0.864,0.472,27.0,55.0,0
316,2022-11-09,22200169,Final,1610612759,1610612763,2022,1610612759,122.0,0.48,0.696,0.324,30.0,39.0,1610612763,124.0,0.51,0.769,0.438,24.0,53.0,0
317,2022-11-09,22200170,Final,1610612746,1610612747,2022,1610612746,114.0,0.506,0.769,0.364,24.0,41.0,1610612747,101.0,0.455,0.647,0.313,26.0,43.0,1
318,2022-11-09,22200171,Final,1610612758,1610612739,2022,1610612758,127.0,0.526,0.857,0.436,30.0,24.0,1610612739,120.0,0.535,0.85,0.423,24.0,42.0,1
319,2022-11-07,22200144,Final,1610612766,1610612764,2022,1610612766,100.0,0.416,0.688,0.156,27.0,45.0,1610612764,108.0,0.525,0.633,0.263,21.0,47.0,0
320,2022-11-07,22200145,Final,1610612753,1610612745,2022,1610612753,127.0,0.549,0.806,0.48,27.0,37.0,1610612745,134.0,0.529,0.72,0.5,31.0,40.0,0
321,2022-11-07,22200146,Final,1610612765,1610612760,2022,1610612765,112.0,0.419,0.758,0.273,20.0,58.0,1610612760,103.0,0.402,0.647,0.303,23.0,46.0,1
322,2022-11-07,22200147,Final,1610612754,1610612740,2022,1610612754,129.0,0.5,0.913,0.458,33.0,45.0,1610612740,122.0,0.495,0.706,0.412,32.0,43.0,1
323,2022-11-07,22200148,Final,1610612755,1610612756,2022,1610612755,100.0,0.388,0.839,0.375,22.0,48.0,1610612756,88.0,0.438,0.818,0.316,19.0,37.0,1
324,2022-11-07,22200149,Final,1610612737,1610612749,2022,1610612737,117.0,0.465,0.824,0.379,23.0,48.0,1610612749,98.0,0.414,0.813,0.325,21.0,41.0,1
325,2022-11-07,22200150,Final,1610612748,1610612757,2022,1610612748,107.0,0.476,0.867,0.359,28.0,32.0,1610612757,110.0,0.528,0.857,0.432,27.0,37.0,0
326,2022-11-07,22200151,Final,1610612741,1610612761,2022,1610612741,111.0,0.525,0.818,0.321,30.0,49.0,1610612761,97.0,0.424,0.727,0.321,24.0,31.0,1
327,2022-11-07,22200152,Final,1610612763,1610612738,2022,1610612763,106.0,0.451,0.643,0.341,27.0,45.0,1610612738,109.0,0.463,0.75,0.324,26.0,45.0,0
328,2022-11-07,22200153,Final,1610612750,1610612752,2022,1610612750,107.0,0.469,0.833,0.268,28.0,39.0,1610612752,120.0,0.438,0.92,0.396,26.0,43.0,0
329,2022-11-07,22200154,Final,1610612759,1610612743,2022,1610612759,109.0,0.524,0.611,0.364,31.0,38.0,1610612743,115.0,0.534,0.65,0.333,33.0,40.0,0
330,2022-11-07,22200155,Final,1610612742,1610612751,2022,1610612742,96.0,0.444,0.833,0.429,18.0,41.0,1610612751,94.0,0.438,0.737,0.345,22.0,34.0,1
331,2022-11-07,22200156,Final,1610612744,1610612758,2022,1610612744,116.0,0.5,0.667,0.368,28.0,48.0,1610612758,113.0,0.407,0.862,0.35,24.0,43.0,1
332,2022-11-07,22200157,Final,1610612762,1610612747,2022,1610612762,139.0,0.558,0.773,0.421,30.0,41.0,1610612747,116.0,0.488,0.9,0.375,15.0,33.0,1
333,2022-11-07,22200158,Final,1610612746,1610612739,2022,1610612746,119.0,0.506,0.786,0.447,19.0,31.0,1610612739,117.0,0.518,0.714,0.485,29.0,48.0,1
334,2022-11-06,22200140,Final,1610612747,1610612739,2022,1610612747,100.0,0.46,0.571,0.296,24.0,43.0,1610612739,114.0,0.44,0.889,0.25,19.0,48.0,0
335,2022-11-06,22200141,Final,1610612761,1610612741,2022,1610612761,113.0,0.427,0.75,0.27,28.0,52.0,1610612741,104.0,0.455,0.846,0.361,27.0,46.0,1
336,2022-11-06,22200142,Final,1610612763,1610612764,2022,1610612763,103.0,0.429,0.8,0.31,20.0,50.0,1610612764,97.0,0.427,0.7,0.195,25.0,49.0,1
337,2022-11-06,22200143,Final,1610612746,1610612762,2022,1610612746,102.0,0.494,0.615,0.242,22.0,32.0,1610612762,110.0,0.467,0.962,0.375,18.0,42.0,0
338,2022-11-05,22200132,Final,1610612753,1610612758,2022,1610612753,123.0,0.543,0.95,0.174,27.0,48.0,1610612758,126.0,0.505,0.654,0.375,24.0,36.0,0
339,2022-11-05,22200133,Final,1610612766,1610612751,2022,1610612766,94.0,0.372,0.696,0.333,22.0,50.0,1610612751,98.0,0.393,0.909,0.333,23.0,41.0,0
340,2022-11-05,22200134,Final,1610612737,1610612740,2022,1610612737,124.0,0.456,0.84,0.25,28.0,50.0,1610612740,121.0,0.435,0.714,0.304,23.0,59.0,1
341,2022-11-05,22200135,Final,1610612752,1610612738,2022,1610612752,118.0,0.511,0.938,0.407,22.0,44.0,1610612738,133.0,0.534,1.0,0.529,30.0,34.0,0
342,2022-11-05,22200136,Final,1610612749,1610612760,2022,1610612749,108.0,0.422,0.882,0.362,23.0,55.0,1610612760,94.0,0.429,0.625,0.343,22.0,38.0,1
343,2022-11-05,22200137,Final,1610612750,1610612745,2022,1610612750,129.0,0.613,0.8,0.455,38.0,36.0,1610612745,117.0,0.476,0.677,0.421,27.0,33.0,1
344,2022-11-05,22200138,Final,1610612743,1610612759,2022,1610612743,126.0,0.609,0.5,0.517,37.0,47.0,1610612759,101.0,0.488,0.579,0.4,28.0,28.0,1
345,2022-11-05,22200139,Final,1610612756,1610612757,2022,1610612756,102.0,0.427,0.75,0.367,22.0,44.0,1610612757,82.0,0.38,0.625,0.467,22.0,40.0,1
346,2022-11-04,22200120,Final,1610612765,1610612739,2022,1610612765,88.0,0.373,0.867,0.351,16.0,34.0,1610612739,112.0,0.543,0.813,0.423,30.0,47.0,0
347,2022-11-04,22200121,Final,1610612754,1610612748,2022,1610612754,101.0,0.463,0.652,0.308,28.0,42.0,1610612748,99.0,0.383,1.0,0.282,17.0,42.0,1
348,2022-11-04,22200122,Final,1610612755,1610612752,2022,1610612755,104.0,0.378,0.81,0.277,27.0,44.0,1610612752,106.0,0.463,0.852,0.273,24.0,50.0,0
349,2022-11-04,22200123,Final,1610612764,1610612751,2022,1610612764,86.0,0.361,0.818,0.235,18.0,39.0,1610612751,128.0,0.556,1.0,0.5,32.0,48.0,0
350,2022-11-04,22200124,Final,1610612738,1610612741,2022,1610612738,123.0,0.494,0.821,0.29,24.0,39.0,1610612741,119.0,0.518,0.88,0.393,21.0,37.0,1
351,2022-11-04,22200125,Final,1610612763,1610612766,2022,1610612763,130.0,0.51,0.778,0.444,34.0,60.0,1610612766,99.0,0.384,0.806,0.296,22.0,41.0,1
352,2022-11-04,22200126,Final,1610612759,1610612746,2022,1610612759,106.0,0.477,0.556,0.387,23.0,35.0,1610612746,113.0,0.525,0.737,0.455,26.0,44.0,0
353,2022-11-04,22200127,Final,1610612742,1610612761,2022,1610612742,111.0,0.506,0.84,0.353,23.0,31.0,1610612761,110.0,0.443,0.84,0.324,20.0,44.0,1
354,2022-11-04,22200128,Final,1610612740,1610612744,2022,1610612740,114.0,0.506,0.69,0.414,24.0,37.0,1610612744,105.0,0.493,0.92,0.375,23.0,29.0,1
355,2022-11-04,22200129,Final,1610612750,1610612749,2022,1610612750,102.0,0.424,0.765,0.268,22.0,47.0,1610612749,115.0,0.482,0.571,0.447,29.0,51.0,0
356,2022-11-04,22200130,Final,1610612756,1610612757,2022,1610612756,106.0,0.434,0.952,0.412,26.0,39.0,1610612757,108.0,0.506,0.8,0.435,30.0,42.0,0
357,2022-11-04,22200131,Final,1610612747,1610612762,2022,1610612747,116.0,0.482,0.893,0.423,22.0,40.0,1610612762,130.0,0.505,0.9,0.425,31.0,48.0,0
358,2022-11-03,22200118,Final,1610612753,1610612744,2022,1610612753,130.0,0.538,0.717,0.433,20.0,46.0,1610612744,129.0,0.515,0.667,0.442,31.0,35.0,1
359,2022-11-03,22200119,Final,1610612760,1610612743,2022,1610612760,110.0,0.484,0.737,0.207,19.0,40.0,1610612743,122.0,0.536,0.875,0.581,32.0,47.0,0
360,2022-11-02,22200108,Final,1610612755,1610612764,2022,1610612755,111.0,0.464,0.7,0.528,25.0,32.0,1610612764,121.0,0.577,0.813,0.238,27.0,43.0,0
361,2022-11-02,22200107,Final,1610612739,1610612738,2022,1610612739,114.0,0.42,0.792,0.282,24.0,51.0,1610612738,113.0,0.409,0.963,0.268,26.0,52.0,1
362,2022-11-02,22200109,Final,1610612748,1610612758,2022,1610612748,110.0,0.494,0.846,0.324,27.0,46.0,1610612758,107.0,0.477,0.857,0.361,29.0,39.0,1
363,2022-11-02,22200110,Final,1610612752,1610612737,2022,1610612752,99.0,0.411,0.75,0.278,23.0,52.0,1610612737,112.0,0.411,0.75,0.353,28.0,51.0,0
364,2022-11-02,22200111,Final,1610612741,1610612766,2022,1610612741,106.0,0.432,0.889,0.452,28.0,51.0,1610612766,88.0,0.391,0.563,0.219,22.0,47.0,1
365,2022-11-02,22200112,Final,1610612745,1610612746,2022,1610612745,101.0,0.42,0.762,0.289,17.0,50.0,1610612746,109.0,0.488,0.789,0.364,20.0,43.0,0
366,2022-11-02,22200113,Final,1610612749,1610612765,2022,1610612749,116.0,0.467,0.833,0.263,24.0,52.0,1610612765,91.0,0.418,0.933,0.355,18.0,35.0,1
367,2022-11-02,22200114,Final,1610612759,1610612761,2022,1610612759,100.0,0.394,0.857,0.326,29.0,46.0,1610612761,143.0,0.538,0.938,0.424,31.0,50.0,0
368,2022-11-02,22200115,Final,1610612742,1610612762,2022,1610612742,103.0,0.5,0.533,0.289,20.0,37.0,1610612762,100.0,0.464,0.857,0.333,28.0,40.0,1
369,2022-11-02,22200116,Final,1610612757,1610612763,2022,1610612757,106.0,0.404,0.808,0.394,27.0,46.0,1610612763,111.0,0.458,0.815,0.464,28.0,46.0,0
370,2022-11-02,22200117,Final,1610612747,1610612740,2022,1610612747,120.0,0.459,0.87,0.278,30.0,56.0,1610612740,117.0,0.461,0.714,0.32,35.0,51.0,1
371,2022-11-01,22200103,Final,1610612751,1610612741,2022,1610612751,99.0,0.486,0.789,0.375,27.0,38.0,1610612741,108.0,0.438,0.857,0.4,20.0,44.0,0
372,2022-11-01,22200104,Final,1610612748,1610612744,2022,1610612748,116.0,0.455,1.0,0.381,32.0,39.0,1610612744,109.0,0.464,0.765,0.367,31.0,41.0,1
373,2022-11-01,22200105,Final,1610612760,1610612753,2022,1610612760,116.0,0.474,0.8,0.294,28.0,36.0,1610612753,108.0,0.448,1.0,0.345,20.0,49.0,1
374,2022-11-01,22200106,Final,1610612756,1610612750,2022,1610612756,116.0,0.461,0.773,0.395,31.0,34.0,1610612750,107.0,0.425,0.833,0.382,24.0,42.0,1
375,2022-10-31,22200096,Final,1610612766,1610612758,2022,1610612766,108.0,0.512,0.571,0.483,31.0,38.0,1610612758,115.0,0.435,0.857,0.386,26.0,42.0,0
376,2022-10-31,22200097,Final,1610612764,1610612755,2022,1610612764,111.0,0.469,0.962,0.4,22.0,41.0,1610612755,118.0,0.554,0.7,0.4,26.0,37.0,0
377,2022-10-31,22200098,Final,1610612751,1610612754,2022,1610612751,116.0,0.538,0.95,0.367,26.0,39.0,1610612754,109.0,0.471,0.696,0.282,23.0,38.0,1
378,2022-10-31,22200099,Final,1610612761,1610612737,2022,1610612761,139.0,0.5,0.825,0.412,25.0,44.0,1610612737,109.0,0.464,0.8,0.379,28.0,37.0,1
379,2022-10-31,22200100,Final,1610612749,1610612765,2022,1610612749,110.0,0.437,0.793,0.275,20.0,50.0,1610612765,108.0,0.446,0.857,0.276,19.0,43.0,1
380,2022-10-31,22200101,Final,1610612762,1610612763,2022,1610612762,121.0,0.472,0.818,0.404,26.0,48.0,1610612763,105.0,0.413,0.548,0.231,14.0,52.0,1
381,2022-10-31,22200102,Final,1610612746,1610612745,2022,1610612746,95.0,0.425,0.706,0.25,23.0,46.0,1610612745,93.0,0.386,0.739,0.286,17.0,44.0,1
382,2022-10-30,22200088,Final,1610612746,1610612740,2022,1610612746,91.0,0.419,0.615,0.282,24.0,39.0,1610612740,112.0,0.495,0.625,0.417,32.0,50.0,0
383,2022-10-30,22200089,Final,1610612738,1610612764,2022,1610612738,112.0,0.456,0.95,0.447,29.0,47.0,1610612764,94.0,0.388,0.688,0.219,22.0,51.0,1
384,2022-10-30,22200090,Final,1610612739,1610612752,2022,1610612739,121.0,0.461,0.842,0.46,33.0,43.0,1610612752,108.0,0.489,0.5,0.37,26.0,45.0,1
385,2022-10-30,22200091,Final,1610612765,1610612744,2022,1610612765,128.0,0.482,0.895,0.424,24.0,47.0,1610612744,114.0,0.424,0.96,0.308,23.0,42.0,1
386,2022-10-30,22200092,Final,1610612759,1610612750,2022,1610612759,107.0,0.419,0.76,0.4,27.0,52.0,1610612750,98.0,0.404,0.7,0.138,21.0,45.0,1
387,2022-10-30,22200093,Final,1610612742,1610612753,2022,1610612742,114.0,0.494,0.75,0.314,15.0,37.0,1610612753,105.0,0.457,0.741,0.379,20.0,47.0,1
388,2022-10-30,22200094,Final,1610612756,1610612745,2022,1610612756,124.0,0.536,0.733,0.3,29.0,36.0,1610612745,109.0,0.437,0.846,0.324,18.0,49.0,1
389,2022-10-30,22200095,Final,1610612747,1610612743,2022,1610612747,121.0,0.479,0.8,0.433,24.0,51.0,1610612743,110.0,0.427,0.722,0.375,24.0,48.0,1
390,2022-10-29,22200081,Final,1610612758,1610612748,2022,1610612758,119.0,0.553,0.724,0.452,27.0,43.0,1610612748,113.0,0.427,0.839,0.393,18.0,34.0,1
391,2022-10-29,22200082,Final,1610612766,1610612744,2022,1610612766,120.0,0.422,0.774,0.323,32.0,55.0,1610612744,113.0,0.44,0.75,0.295,31.0,49.0,1
392,2022-10-29,22200083,Final,1610612751,1610612754,2022,1610612751,116.0,0.5,0.769,0.359,29.0,34.0,1610612754,125.0,0.426,0.846,0.5,31.0,53.0,0
393,2022-10-29,22200084,Final,1610612741,1610612755,2022,1610612741,109.0,0.45,0.897,0.355,22.0,40.0,1610612755,114.0,0.494,0.815,0.483,28.0,41.0,0
394,2022-10-29,22200085,Final,1610612749,1610612737,2022,1610612749,123.0,0.489,0.655,0.389,24.0,49.0,1610612737,115.0,0.479,0.8,0.448,19.0,42.0,1
395,2022-10-29,22200086,Final,1610612742,1610612760,2022,1610612742,111.0,0.4,0.794,0.2,17.0,49.0,1610612760,117.0,0.494,0.774,0.2,25.0,47.0,0
396,2022-10-29,22200087,Final,1610612762,1610612763,2022,1610612762,124.0,0.517,0.75,0.432,30.0,34.0,1610612763,123.0,0.568,0.733,0.444,24.0,40.0,1
397,2022-10-28,22200070,Final,1610612765,1610612737,2022,1610612765,112.0,0.43,0.816,0.219,18.0,42.0,1610612737,136.0,0.567,0.778,0.414,31.0,45.0,0
398,2022-10-28,22200071,Final,1610612753,1610612766,2022,1610612753,113.0,0.494,0.731,0.27,28.0,48.0,1610612766,93.0,0.384,0.667,0.289,21.0,47.0,1
399,2022-10-28,22200072,Final,1610612738,1610612739,2022,1610612738,123.0,0.512,0.813,0.394,28.0,34.0,1610612739,132.0,0.517,0.765,0.457,18.0,42.0,0
400,2022-10-28,22200073,Final,1610612761,1610612755,2022,1610612761,90.0,0.384,0.625,0.231,20.0,45.0,1610612755,112.0,0.524,0.909,0.421,25.0,41.0,0
401,2022-10-28,22200074,Final,1610612764,1610612754,2022,1610612764,117.0,0.477,0.821,0.4,25.0,38.0,1610612754,127.0,0.506,0.909,0.517,30.0,41.0,0
402,2022-10-28,22200075,Final,1610612749,1610612752,2022,1610612749,119.0,0.385,0.815,0.289,23.0,60.0,1610612752,108.0,0.398,0.688,0.343,19.0,54.0,1
403,2022-10-28,22200076,Final,1610612750,1610612747,2022,1610612750,111.0,0.414,0.667,0.325,27.0,49.0,1610612747,102.0,0.416,0.704,0.31,20.0,55.0,1
404,2022-10-28,22200077,Final,1610612759,1610612741,2022,1610612759,129.0,0.535,0.808,0.421,37.0,42.0,1610612741,124.0,0.475,0.808,0.333,20.0,42.0,1
405,2022-10-28,22200078,Final,1610612743,1610612762,2022,1610612743,117.0,0.459,0.647,0.459,18.0,58.0,1610612762,101.0,0.418,0.789,0.256,24.0,38.0,1
406,2022-10-28,22200079,Final,1610612756,1610612740,2022,1610612756,124.0,0.522,0.9,0.303,33.0,47.0,1610612740,111.0,0.442,0.909,0.405,25.0,33.0,1
407,2022-10-28,22200080,Final,1610612757,1610612745,2022,1610612757,125.0,0.533,0.8,0.371,30.0,45.0,1610612745,111.0,0.426,0.81,0.368,23.0,39.0,1
408,2022-10-27,22200066,Final,1610612751,1610612742,2022,1610612751,125.0,0.462,0.9,0.343,20.0,45.0,1610612742,129.0,0.506,0.771,0.5,25.0,37.0,0
409,2022-10-27,22200067,Final,1610612760,1610612746,2022,1610612760,118.0,0.495,0.875,0.447,27.0,36.0,1610612746,110.0,0.537,0.722,0.321,21.0,44.0,1
410,2022-10-27,22200068,Final,1610612744,1610612748,2022,1610612744,123.0,0.5,0.867,0.391,30.0,50.0,1610612748,110.0,0.443,0.818,0.326,25.0,31.0,1
411,2022-10-27,22200069,Final,1610612758,1610612763,2022,1610612758,110.0,0.482,0.818,0.316,28.0,40.0,1610612763,125.0,0.533,0.722,0.424,27.0,43.0,0
412,2022-10-26,22200056,Final,1610612739,1610612753,2022,1610612739,103.0,0.414,0.7,0.303,25.0,43.0,1610612753,92.0,0.432,0.762,0.25,19.0,43.0,1
413,2022-10-26,22200057,Final,1610612765,1610612737,2022,1610612765,113.0,0.462,0.682,0.438,23.0,40.0,1610612737,118.0,0.495,0.8,0.364,22.0,46.0,0
414,2022-10-26,22200058,Final,1610612752,1610612766,2022,1610612752,134.0,0.536,0.864,0.367,26.0,46.0,1610612766,131.0,0.495,0.667,0.419,31.0,42.0,1
415,2022-10-26,22200059,Final,1610612761,1610612755,2022,1610612761,119.0,0.548,0.786,0.432,32.0,39.0,1610612755,109.0,0.506,0.684,0.444,29.0,34.0,1
416,2022-10-26,22200060,Final,1610612749,1610612751,2022,1610612749,110.0,0.443,0.759,0.278,21.0,54.0,1610612751,99.0,0.395,0.8,0.259,23.0,37.0,1
417,2022-10-26,22200061,Final,1610612741,1610612754,2022,1610612741,124.0,0.494,0.917,0.533,34.0,44.0,1610612754,109.0,0.43,0.792,0.4,31.0,38.0,1
418,2022-10-26,22200062,Final,1610612750,1610612759,2022,1610612750,134.0,0.65,0.625,0.588,37.0,30.0,1610612759,122.0,0.453,0.909,0.444,34.0,41.0,1
419,2022-10-26,22200063,Final,1610612762,1610612745,2022,1610612762,109.0,0.422,0.667,0.289,28.0,53.0,1610612745,101.0,0.383,0.75,0.275,19.0,49.0,1
420,2022-10-26,22200064,Final,1610612743,1610612747,2022,1610612743,110.0,0.457,0.81,0.265,34.0,54.0,1610612747,99.0,0.444,0.688,0.267,25.0,47.0,1
421,2022-10-26,22200065,Final,1610612757,1610612748,2022,1610612757,98.0,0.436,0.692,0.324,20.0,38.0,1610612748,119.0,0.506,0.842,0.395,34.0,46.0,0
422,2022-10-25,22200052,Final,1610612764,1610612765,2022,1610612764,120.0,0.518,0.846,0.303,26.0,47.0,1610612765,99.0,0.409,0.76,0.286,12.0,41.0,1
423,2022-10-25,22200053,Final,1610612740,1610612742,2022,1610612740,113.0,0.579,0.722,0.444,25.0,26.0,1610612742,111.0,0.5,0.708,0.308,18.0,37.0,1
424,2022-10-25,22200054,Final,1610612760,1610612746,2022,1610612760,108.0,0.382,0.8,0.133,19.0,60.0,1610612746,94.0,0.422,0.778,0.323,21.0,47.0,1
425,2022-10-25,22200055,Final,1610612756,1610612744,2022,1610612756,134.0,0.511,0.824,0.414,31.0,48.0,1610612744,105.0,0.451,0.765,0.286,28.0,40.0,1
426,2022-10-24,22200044,Final,1610612755,1610612754,2022,1610612755,120.0,0.475,0.893,0.442,25.0,39.0,1610612754,106.0,0.422,0.783,0.273,27.0,47.0,1
427,2022-10-24,22200045,Final,1610612748,1610612761,2022,1610612748,90.0,0.349,0.889,0.235,19.0,46.0,1610612761,98.0,0.395,0.8,0.438,22.0,52.0,0
428,2022-10-24,22200046,Final,1610612752,1610612753,2022,1610612752,115.0,0.462,0.72,0.297,24.0,50.0,1610612753,102.0,0.419,0.852,0.2,14.0,41.0,1
429,2022-10-24,22200047,Final,1610612741,1610612738,2022,1610612741,120.0,0.483,0.897,0.476,29.0,60.0,1610612738,102.0,0.37,0.833,0.375,26.0,45.0,1
430,2022-10-24,22200048,Final,1610612745,1610612762,2022,1610612745,114.0,0.422,0.844,0.314,17.0,47.0,1610612762,108.0,0.473,0.563,0.344,23.0,49.0,1
431,2022-10-24,22200049,Final,1610612763,1610612751,2022,1610612763,134.0,0.5,0.774,0.471,21.0,38.0,1610612751,124.0,0.54,0.808,0.31,27.0,35.0,1
432,2022-10-24,22200050,Final,1610612750,1610612759,2022,1610612750,106.0,0.442,0.917,0.258,24.0,50.0,1610612759,115.0,0.457,0.538,0.324,37.0,50.0,0
433,2022-10-24,22200051,Final,1610612757,1610612743,2022,1610612757,135.0,0.578,0.742,0.457,23.0,45.0,1610612743,110.0,0.495,0.571,0.387,28.0,38.0,1
434,2022-10-23,22200037,Final,1610612747,1610612757,2022,1610612747,104.0,0.446,0.8,0.182,26.0,40.0,1610612757,106.0,0.44,0.815,0.37,19.0,52.0,0
435,2022-10-23,22200038,Final,1610612737,1610612766,2022,1610612737,109.0,0.411,0.821,0.229,23.0,45.0,1610612766,126.0,0.522,0.7,0.423,28.0,52.0,0
436,2022-10-23,22200039,Final,1610612739,1610612764,2022,1610612739,117.0,0.427,0.88,0.394,19.0,48.0,1610612764,107.0,0.494,0.6,0.429,25.0,35.0,1
437,2022-10-23,22200040,Final,1610612740,1610612762,2022,1610612740,121.0,0.471,0.773,0.296,30.0,45.0,1610612762,122.0,0.439,0.821,0.342,29.0,44.0,0
438,2022-10-23,22200041,Final,1610612760,1610612750,2022,1610612760,106.0,0.436,0.714,0.22,24.0,42.0,1610612750,116.0,0.523,0.636,0.294,24.0,54.0,0
439,2022-10-23,22200042,Final,1610612744,1610612758,2022,1610612744,130.0,0.517,0.722,0.424,24.0,37.0,1610612758,125.0,0.47,0.8,0.256,31.0,51.0,1
440,2022-10-23,22200043,Final,1610612746,1610612756,2022,1610612746,95.0,0.439,0.7,0.281,16.0,43.0,1610612756,112.0,0.462,0.917,0.357,29.0,49.0,0
441,2022-10-22,22200028,Final,1610612755,1610612759,2022,1610612755,105.0,0.44,0.75,0.323,26.0,40.0,1610612759,114.0,0.483,0.8,0.421,27.0,43.0,0
442,2022-10-22,22200029,Final,1610612754,1610612765,2022,1610612754,124.0,0.437,0.75,0.381,28.0,59.0,1610612765,115.0,0.389,0.767,0.429,26.0,53.0,1
443,2022-10-22,22200030,Final,1610612753,1610612738,2022,1610612753,120.0,0.474,0.652,0.441,21.0,48.0,1610612738,126.0,0.483,0.821,0.404,24.0,37.0,0
444,2022-10-22,22200031,Final,1610612748,1610612761,2022,1610612748,112.0,0.5,0.926,0.367,28.0,44.0,1610612761,109.0,0.425,0.75,0.359,24.0,37.0,1
445,2022-10-22,22200032,Final,1610612741,1610612739,2022,1610612741,96.0,0.405,0.84,0.241,19.0,35.0,1610612739,128.0,0.565,0.889,0.593,32.0,48.0,0
446,2022-10-22,22200033,Final,1610612749,1610612745,2022,1610612749,125.0,0.565,0.619,0.516,29.0,47.0,1610612745,105.0,0.387,0.773,0.432,20.0,47.0,1
447,2022-10-22,22200034,Final,1610612742,1610612763,2022,1610612742,137.0,0.5,0.833,0.436,23.0,52.0,1610612763,96.0,0.43,0.792,0.273,20.0,29.0,1
448,2022-10-22,22200035,Final,1610612743,1610612760,2022,1610612743,122.0,0.494,0.581,0.526,33.0,46.0,1610612760,117.0,0.447,0.783,0.395,29.0,47.0,1
449,2022-10-22,22200036,Final,1610612758,1610612746,2022,1610612758,109.0,0.471,0.577,0.4,24.0,39.0,1610612746,111.0,0.506,0.909,0.409,24.0,40.0,0
450,2022-10-21,22200017,Final,1610612766,1610612740,2022,1610612766,112.0,0.454,0.786,0.382,30.0,37.0,1610612740,124.0,0.472,0.865,0.364,23.0,53.0,0
451,2022-10-21,22200018,Final,1610612754,1610612759,2022,1610612754,134.0,0.49,0.955,0.314,32.0,42.0,1610612759,137.0,0.543,0.727,0.548,34.0,37.0,0
452,2022-10-21,22200019,Final,1610612764,1610612741,2022,1610612764,102.0,0.513,0.909,0.385,26.0,39.0,1610612741,100.0,0.418,0.818,0.259,19.0,38.0,1
453,2022-10-21,22200020,Final,1610612737,1610612753,2022,1610612737,108.0,0.449,0.938,0.419,26.0,46.0,1610612753,98.0,0.413,0.8,0.235,16.0,44.0,1
454,2022-10-21,22200021,Final,1610612751,1610612761,2022,1610612751,109.0,0.475,0.69,0.371,26.0,44.0,1610612761,105.0,0.488,0.667,0.393,25.0,41.0,1
455,2022-10-21,22200022,Final,1610612748,1610612738,2022,1610612748,104.0,0.457,0.8,0.308,23.0,36.0,1610612738,111.0,0.519,1.0,0.424,17.0,43.0,0
456,2022-10-21,22200023,Final,1610612752,1610612765,2022,1610612752,130.0,0.526,0.636,0.421,29.0,50.0,1610612765,106.0,0.433,0.594,0.25,26.0,49.0,1
457,2022-10-21,22200024,Final,1610612745,1610612763,2022,1610612745,122.0,0.473,0.6,0.457,18.0,45.0,1610612763,129.0,0.459,0.69,0.452,26.0,50.0,0
458,2022-10-21,22200025,Final,1610612750,1610612762,2022,1610612750,126.0,0.458,0.739,0.333,20.0,60.0,1610612762,132.0,0.441,0.667,0.4,39.0,54.0,0
459,2022-10-21,22200026,Final,1610612744,1610612743,2022,1610612744,123.0,0.477,0.889,0.341,34.0,35.0,1610612743,128.0,0.535,0.84,0.441,30.0,41.0,0
460,2022-10-21,22200027,Final,1610612757,1610612756,2022,1610612757,113.0,0.439,0.861,0.345,14.0,48.0,1610612756,111.0,0.457,0.714,0.37,31.0,41.0,1
461,2022-10-20,22200015,Final,1610612755,1610612749,2022,1610612755,88.0,0.434,0.846,0.208,17.0,44.0,1610612749,90.0,0.405,0.643,0.31,24.0,48.0,0
462,2022-10-20,22200016,Final,1610612747,1610612746,2022,1610612747,97.0,0.351,0.846,0.2,23.0,38.0,1610612746,103.0,0.463,0.645,0.31,18.0,58.0,0
463,2022-10-19,22200003,Final,1610612765,1610612753,2022,1610612765,113.0,0.426,0.792,0.368,31.0,41.0,1610612753,109.0,0.488,0.737,0.367,21.0,48.0,1
464,2022-10-19,22200004,Final,1610612754,1610612764,2022,1610612754,107.0,0.402,0.667,0.357,21.0,42.0,1610612764,114.0,0.457,0.792,0.355,21.0,53.0,0
465,2022-10-19,22200005,Final,1610612737,1610612745,2022,1610612737,117.0,0.5,0.833,0.28,30.0,38.0,1610612745,107.0,0.429,0.933,0.257,25.0,54.0,1
466,2022-10-19,22200006,Final,1610612751,1610612740,2022,1610612751,108.0,0.449,0.75,0.303,22.0,39.0,1610612740,130.0,0.49,0.72,0.462,31.0,61.0,0
467,2022-10-19,22200007,Final,1610612748,1610612741,2022,1610612748,108.0,0.463,0.786,0.429,21.0,46.0,1610612741,116.0,0.441,0.75,0.361,23.0,46.0,0
468,2022-10-19,22200008,Final,1610612761,1610612739,2022,1610612761,108.0,0.419,0.719,0.433,19.0,41.0,1610612739,105.0,0.494,0.826,0.357,25.0,38.0,1
469,2022-10-19,22200009,Final,1610612763,1610612752,2022,1610612763,115.0,0.389,0.609,0.34,27.0,64.0,1610612752,112.0,0.404,0.833,0.243,28.0,54.0,1
470,2022-10-19,22200010,Final,1610612750,1610612760,2022,1610612750,115.0,0.415,0.818,0.263,25.0,55.0,1610612760,108.0,0.384,0.818,0.311,22.0,57.0,1
471,2022-10-19,22200011,Final,1610612759,1610612766,2022,1610612759,102.0,0.404,0.714,0.206,22.0,44.0,1610612766,129.0,0.511,0.87,0.448,26.0,51.0,0
472,2022-10-19,22200012,Final,1610612762,1610612743,2022,1610612762,123.0,0.506,0.742,0.421,27.0,43.0,1610612743,102.0,0.482,0.944,0.227,21.0,35.0,1
473,2022-10-19,22200013,Final,1610612756,1610612742,2022,1610612756,107.0,0.471,0.864,0.364,25.0,40.0,1610612742,105.0,0.467,0.618,0.4,17.0,40.0,1
474,2022-10-19,22200014,Final,1610612758,1610612757,2022,1610612758,108.0,0.459,0.684,0.386,27.0,41.0,1610612757,115.0,0.443,0.788,0.393,20.0,44.0,0
475,2022-10-18,22200001,Final,1610612738,1610612755,2022,1610612738,126.0,0.561,0.786,0.343,24.0,36.0,1610612755,117.0,0.5,0.857,0.382,16.0,31.0,1
476,2022-10-18,22200002,Final,1610612744,1610612747,2022,1610612744,123.0,0.455,0.739,0.356,31.0,48.0,1610612747,109.0,0.426,0.76,0.25,23.0,48.0,1
477,2022-10-14,12200062,Final,1610612754,1610612745,2022,1610612754,114.0,0.442,0.75,0.293,29.0,38.0,1610612745,122.0,0.483,0.909,0.462,20.0,51.0,0
478,2022-10-14,12200063,Final,1610612753,1610612739,2022,1610612753,114.0,0.438,0.774,0.308,23.0,52.0,1610612739,108.0,0.461,0.833,0.433,18.0,35.0,1
479,2022-10-14,12200064,Final,1610612761,1610612738,2022,1610612761,137.0,0.454,0.78,0.241,22.0,57.0,1610612738,134.0,0.44,0.875,0.352,25.0,44.0,1
480,2022-10-14,12200065,Final,1610612752,1610612764,2022,1610612752,105.0,0.427,0.75,0.242,25.0,66.0,1610612764,89.0,0.379,0.65,0.222,23.0,40.0,1
481,2022-10-14,12200066,Final,1610612750,1610612751,2022,1610612750,102.0,0.439,0.676,0.212,24.0,46.0,1610612751,112.0,0.42,0.857,0.4,22.0,46.0,0
482,2022-10-14,12200067,Final,1610612740,1610612737,2022,1610612740,120.0,0.484,0.783,0.357,33.0,50.0,1610612737,111.0,0.483,0.667,0.333,33.0,43.0,1
483,2022-10-14,12200068,Final,1610612762,1610612742,2022,1610612762,101.0,0.451,0.765,0.231,25.0,52.0,1610612742,115.0,0.447,0.667,0.362,28.0,36.0,0
484,2022-10-14,12200069,Final,1610612744,1610612743,2022,1610612744,112.0,0.435,0.846,0.238,33.0,41.0,1610612743,119.0,0.507,0.829,0.29,28.0,44.0,0
485,2022-10-14,12200070,Final,1610612758,1610612747,2022,1610612758,133.0,0.489,0.724,0.488,30.0,55.0,1610612747,86.0,0.358,0.645,0.242,18.0,37.0,1
486,2022-10-13,12200060,Final,1610612765,1610612763,2022,1610612765,111.0,0.392,0.842,0.288,23.0,55.0,1610612763,126.0,0.455,0.711,0.219,23.0,51.0,0
487,2022-10-13,12200061,Final,1610612759,1610612760,2022,1610612759,112.0,0.466,0.735,0.192,23.0,53.0,1610612760,118.0,0.465,0.8,0.294,24.0,39.0,0
488,2022-10-12,12200052,Final,1610612739,1610612737,2022,1610612739,105.0,0.412,0.818,0.41,30.0,49.0,1610612737,99.0,0.341,0.844,0.444,17.0,60.0,1
489,2022-10-12,12200053,Final,1610612754,1610612752,2022,1610612754,109.0,0.477,0.75,0.3,26.0,49.0,1610612752,100.0,0.371,0.773,0.268,24.0,49.0,1
490,2022-10-12,12200054,Final,1610612755,1610612766,2022,1610612755,99.0,0.393,0.818,0.314,17.0,42.0,1610612766,94.0,0.481,0.611,0.269,21.0,49.0,1
491,2022-10-12,12200055,Final,1610612748,1610612740,2022,1610612748,120.0,0.471,0.75,0.39,27.0,46.0,1610612740,103.0,0.393,0.813,0.212,24.0,44.0,1
492,2022-10-12,12200056,Final,1610612749,1610612751,2022,1610612749,97.0,0.415,0.762,0.394,19.0,43.0,1610612751,107.0,0.512,0.545,0.3,32.0,41.0,0
493,2022-10-12,12200057,Final,1610612747,1610612750,2022,1610612747,113.0,0.446,0.784,0.256,26.0,52.0,1610612750,118.0,0.423,0.733,0.359,29.0,52.0,0
494,2022-10-12,12200058,Final,1610612756,1610612758,2022,1610612756,104.0,0.418,0.886,0.241,22.0,48.0,1610612758,105.0,0.409,0.655,0.359,24.0,39.0,0
495,2022-10-12,12200059,Final,1610612746,1610612743,2022,1610612746,115.0,0.482,0.8,0.393,28.0,38.0,1610612743,126.0,0.54,0.786,0.435,28.0,44.0,0
496,2022-10-11,12200047,Final,1610612765,1610612760,2022,1610612765,99.0,0.412,0.739,0.333,26.0,42.0,1610612760,115.0,0.523,0.6,0.406,25.0,48.0,0
497,2022-10-11,12200048,Final,1610612753,1610612763,2022,1610612753,109.0,0.476,0.944,0.343,30.0,50.0,1610612763,105.0,0.402,0.815,0.25,19.0,42.0,1
498,2022-10-11,12200049,Final,1610612741,1610612749,2022,1610612741,127.0,0.532,0.739,0.323,32.0,57.0,1610612749,104.0,0.402,0.667,0.314,25.0,35.0,1
499,2022-10-11,12200050,Final,1610612762,1610612759,2022,1610612762,104.0,0.408,0.542,0.262,24.0,54.0,1610612759,111.0,0.477,0.727,0.355,24.0,48.0,0
500,2022-10-11,12200051,Final,1610612744,1610612757,2022,1610612744,131.0,0.5,0.846,0.405,32.0,49.0,1610612757,98.0,0.386,0.73,0.28,18.0,43.0,1
501,2022-10-10,12200043,Final,1610612766,1610612764,2022,1610612766,107.0,0.464,0.923,0.278,15.0,44.0,1610612764,116.0,0.484,0.737,0.387,29.0,36.0,0
502,2022-10-10,12200044,Final,1610612739,1610612755,2022,1610612739,97.0,0.436,0.649,0.238,20.0,49.0,1610612755,113.0,0.44,0.889,0.425,23.0,45.0,0
503,2022-10-10,12200045,Final,1610612748,1610612745,2022,1610612748,118.0,0.404,0.846,0.392,28.0,44.0,1610612745,110.0,0.451,0.706,0.372,27.0,49.0,1
504,2022-10-10,12200046,Final,1610612743,1610612756,2022,1610612743,107.0,0.451,0.611,0.333,21.0,40.0,1610612756,105.0,0.427,0.821,0.324,25.0,43.0,1
505,2022-10-09,12200037,Final,1610612761,1610612741,2022,1610612761,98.0,0.354,0.71,0.216,14.0,47.0,1610612741,115.0,0.506,0.842,0.406,29.0,52.0,0
506,2022-10-09,12200039,Final,1610612759,1610612740,2022,1610612759,97.0,0.366,0.762,0.265,22.0,48.0,1610612740,111.0,0.44,0.842,0.385,28.0,59.0,0
507,2022-10-09,12200040,Final,1610612744,1610612747,2022,1610612744,121.0,0.477,0.706,0.333,22.0,45.0,1610612747,124.0,0.5,0.944,0.436,24.0,38.0,0
508,2022-10-09,12200041,Final,1610612758,1610612757,2022,1610612758,126.0,0.506,0.652,0.467,34.0,47.0,1610612757,94.0,0.403,0.839,0.345,18.0,29.0,1
509,2022-10-09,12200042,Final,1610612746,1610612750,2022,1610612746,117.0,0.465,0.955,0.372,27.0,45.0,1610612750,119.0,0.495,0.857,0.351,32.0,42.0,0
510,2022-10-08,12200036,Final,1610612749,1610612737,2022,1610612749,109.0,0.446,0.8,0.357,22.0,42.0,1610612737,118.0,0.5,0.833,0.484,19.0,36.0,0
511,2022-10-07,12200029,Final,1610612766,1610612738,2022,1610612766,103.0,0.382,0.682,0.27,23.0,52.0,1610612738,112.0,0.438,0.882,0.432,27.0,57.0,0
512,2022-10-07,12200030,Final,1610612752,1610612754,2022,1610612752,131.0,0.44,0.963,0.405,25.0,43.0,1610612754,114.0,0.446,0.731,0.394,26.0,47.0,1
513,2022-10-07,12200031,Final,1610612741,1610612743,2022,1610612741,131.0,0.602,0.889,0.536,32.0,32.0,1610612743,113.0,0.466,0.81,0.412,29.0,40.0,1
514,2022-10-07,12200032,Final,1610612745,1610612761,2022,1610612745,116.0,0.437,0.757,0.387,22.0,52.0,1610612761,100.0,0.434,0.579,0.176,18.0,40.0,1
515,2022-10-07,12200033,Final,1610612763,1610612748,2022,1610612763,108.0,0.453,0.667,0.303,24.0,50.0,1610612748,111.0,0.425,0.864,0.346,29.0,39.0,0
516,2022-10-07,12200034,Final,1610612740,1610612765,2022,1610612740,107.0,0.447,0.676,0.333,21.0,47.0,1610612765,101.0,0.365,0.806,0.286,22.0,45.0,1
517,2022-10-07,12200035,Final,1610612742,1610612753,2022,1610612742,105.0,0.432,0.818,0.362,25.0,35.0,1610612753,110.0,0.459,0.833,0.343,22.0,52.0,0
518,2022-10-06,12200023,Final,1610612737,1610612749,2022,1610612737,123.0,0.547,0.786,0.318,23.0,39.0,1610612749,113.0,0.423,0.81,0.35,22.0,52.0,1
519,2022-10-06,12200024,Final,1610612751,1610612748,2022,1610612751,80.0,0.392,0.773,0.179,16.0,47.0,1610612748,109.0,0.432,0.64,0.306,31.0,46.0,0
520,2022-10-06,12200026,Final,1610612759,1610612753,2022,1610612759,99.0,0.447,0.692,0.419,29.0,42.0,1610612753,102.0,0.444,0.778,0.243,21.0,43.0,0
521,2022-10-06,12200028,Final,1610612747,1610612750,2022,1610612747,99.0,0.34,0.733,0.224,23.0,54.0,1610612750,114.0,0.442,0.769,0.313,29.0,59.0,0
522,2022-10-05,12200018,Final,1610612766,1610612754,2022,1610612766,97.0,0.344,0.611,0.209,20.0,49.0,1610612754,122.0,0.484,0.963,0.2,27.0,53.0,0
523,2022-10-05,12200019,Final,1610612755,1610612739,2022,1610612755,113.0,0.479,0.75,0.29,26.0,46.0,1610612739,112.0,0.462,0.737,0.424,22.0,43.0,1
524,2022-10-05,12200020,Final,1610612738,1610612761,2022,1610612738,119.0,0.444,0.714,0.308,31.0,45.0,1610612761,125.0,0.459,0.72,0.219,22.0,59.0,0
525,2022-10-05,12200021,Final,1610612760,1610612742,2022,1610612760,96.0,0.4,0.765,0.188,17.0,45.0,1610612742,98.0,0.427,0.938,0.317,20.0,44.0,0
526,2022-10-05,12200022,Final,1610612747,1610612756,2022,1610612747,115.0,0.427,0.727,0.317,26.0,47.0,1610612756,119.0,0.371,0.848,0.317,21.0,55.0,0
527,2022-10-04,12200014,Final,1610612752,1610612765,2022,1610612752,117.0,0.511,0.733,0.378,27.0,42.0,1610612765,96.0,0.407,0.739,0.31,19.0,44.0,1
528,2022-10-04,12200015,Final,1610612748,1610612750,2022,1610612748,111.0,0.429,0.944,0.286,25.0,49.0,1610612750,121.0,0.513,0.743,0.394,22.0,39.0,0
529,2022-10-04,12200016,Final,1610612741,1610612740,2022,1610612741,125.0,0.483,0.882,0.333,27.0,46.0,1610612740,129.0,0.495,0.722,0.297,29.0,44.0,0
530,2022-10-04,12200017,Final,1610612757,1610612762,2022,1610612757,101.0,0.444,0.621,0.344,21.0,38.0,1610612762,118.0,0.481,0.676,0.455,24.0,45.0,0
531,2022-10-03,12200009,Final,1610612751,1610612755,2022,1610612751,108.0,0.462,0.735,0.333,25.0,43.0,1610612755,127.0,0.407,0.96,0.341,26.0,56.0,0
532,2022-10-03,12200010,Final,1610612763,1610612753,2022,1610612763,109.0,0.439,0.794,0.278,27.0,50.0,1610612753,97.0,0.393,0.692,0.333,23.0,38.0,1
533,2022-10-03,12200011,Final,1610612743,1610612760,2022,1610612743,101.0,0.411,0.739,0.303,20.0,43.0,1610612760,112.0,0.488,0.68,0.371,25.0,52.0,0
534,2022-10-03,12200012,Final,1610612747,1610612758,2022,1610612747,75.0,0.312,0.625,0.233,17.0,49.0,1610612758,105.0,0.408,0.632,0.231,25.0,54.0,0
535,2022-10-03,12200013,Final,1610612746,1610612757,2022,1610612746,102.0,0.383,0.758,0.395,21.0,44.0,1610612757,97.0,0.397,0.771,0.286,18.0,46.0,1
536,2022-10-02,12200004,Final,1610612744,1610612764,2022,1610612744,104.0,0.458,0.667,0.41,29.0,47.0,1610612764,95.0,0.353,0.9,0.242,23.0,46.0,1
537,2022-10-02,12200005,Final,1610612738,1610612766,2022,1610612738,134.0,0.571,0.8,0.468,41.0,56.0,1610612766,93.0,0.347,0.643,0.152,13.0,43.0,1
538,2022-10-02,12200006,Final,1610612761,1610612762,2022,1610612761,114.0,0.483,0.667,0.375,20.0,61.0,1610612762,82.0,0.323,0.588,0.25,21.0,46.0,1
539,2022-10-02,12200007,Final,1610612745,1610612759,2022,1610612745,134.0,0.546,0.545,0.457,32.0,60.0,1610612759,96.0,0.355,0.655,0.262,21.0,44.0,1
540,2022-10-01,12200003,Final,1610612749,1610612763,2022,1610612749,102.0,0.43,0.714,0.351,22.0,50.0,1610612763,107.0,0.494,0.724,0.357,25.0,41.0,0
541,2022-09-30,12200001,Final,1610612764,1610612744,2022,1610612764,87.0,0.369,0.633,0.171,20.0,44.0,1610612744,96.0,0.367,0.775,0.269,18.0,62.0,0
